tconst	ordering	nconst	primaryName	birthYear	category	job	characters
tt10054620	1	nm10539122	Victor Sotberg	\N	self	\N	["Self"]
tt10054620	2	nm4207386	Albert Cerný	1989	archive_footage	\N	["Self"]
tt10054620	3	nm10387795	Antonín Hrabal	\N	archive_footage	\N	["Self"]
tt10054620	4	nm10361831	Jeroným Subrt	\N	archive_footage	\N	["Self"]
tt10054620	5	nm10539122	Victor Sotberg	\N	director	\N	\N
tt10054620	6	nm10539122	Victor Sotberg	\N	writer	\N	\N
tt10054620	7	nm10539122	Victor Sotberg	\N	producer	producer	\N
tt10187144	1	nm4368232	Marco Pasqua	1985	self	\N	["Self - Host"]
tt10187144	2	nm9263162	Esabella Anna Karena Strickland	\N	self	\N	["Self - Variety Youth Ambassador"]
tt11777708	1	nm4368232	Marco Pasqua	1985	self	\N	["Self - Host"]
tt11777708	2	nm9263162	Esabella Anna Karena Strickland	\N	self	\N	["Self - Variety Youth Ambassador"]
tt13411478	1	nm9150654	Ayeesha Cervantes	2000	actress	\N	["Khaycee"]
tt13411478	2	nm6004468	Sanya Lopez	\N	actress	\N	["Kathleen"]
tt13411478	3	nm0667074	Alan Paule	\N	actor	\N	["Tatay"]
tt13411478	4	nm6964074	Rommel Penesa	\N	director	\N	\N
tt13977540	1	nm4368232	Marco Pasqua	1985	self	\N	["Self - Host"]
tt13977540	2	nm9263162	Esabella Anna Karena Strickland	\N	self	\N	["Self - Host"]
tt15362080	1	nm12020645	Alexandra Abdon	\N	actress	\N	\N
tt15362080	2	nm5700146	Bryan Benedict	\N	actor	\N	\N
tt15362080	3	nm1940324	Kiray Celis	1995	actress	\N	\N
tt15362080	4	nm12226082	Katkat Dasalla	\N	actor	\N	["Gigi"]
tt15362080	5	nm11040318	Faye Lorenzo	1996	actress	\N	\N
tt15362080	6	nm4495826	Derrick Monasterio	1995	actor	\N	\N
tt15362080	7	nm1234102	Lovely Rivero	\N	actress	\N	\N
tt15362080	8	nm2907344	Jojo Nadela	\N	director	\N	\N
tt15362080	9	nm7702911	Erwin Caezar Bravo	\N	writer	\N	\N
tt15362080	10	nm7929613	Riza Del Rio	\N	writer	\N	\N
tt15362080	11	nm7697448	John Mychal Feraren	\N	producer	producer	\N
tt15362080	12	nm3408288	Jay Ramirez	\N	cinematographer	\N	\N
tt15362080	13	nm3507362	Arthur Maningas	\N	production_designer	\N	\N
tt16979830	1	nm5375633	Arkin Del Rosario	\N	actor	\N	\N
tt16979830	2	nm13285392	Celine Fajardo	\N	actress	\N	\N
tt16979830	3	nm6785714	Jayvhot Galang	\N	actor	\N	\N
tt16979830	4	nm11576319	Bench Hipolito	\N	actor	\N	\N
tt16979830	5	nm1951481	Almira Muhlach	\N	actress	\N	\N
tt16979830	6	nm11875153	Paolo Pangilinan	\N	actor	\N	\N
tt16979830	7	nm0894969	Gardo Versoza	1969	actor	\N	\N
tt16979830	8	nm2884924	Ray Gibraltar	1976	director	\N	\N
tt16979830	9	nm7702911	Erwin Caezar Bravo	\N	writer	\N	\N
tt16979830	10	nm6628470	John Anthony Rodulfo	\N	writer	writer	\N
tt16979830	11	nm3408288	Jay Ramirez	\N	cinematographer	\N	\N
tt16979890	1	nm12453860	Bernie Batin	\N	actor	\N	\N
tt16979890	2	nm7999005	Dave Bornea	\N	actor	\N	\N
tt16979890	3	nm2687525	Max Collins	1992	actress	\N	\N
tt16979890	4	nm0351270	Tanya Gomez	\N	actress	\N	\N
tt16979890	5	nm11576319	Bench Hipolito	\N	actor	\N	\N
tt16979890	6	nm5600379	Jak Roberto	1993	actor	\N	\N
tt16979890	7	nm2907344	Jojo Nadela	\N	director	\N	\N
tt16979890	8	nm7702911	Erwin Caezar Bravo	\N	writer	\N	\N
tt16979890	9	nm4107981	Reign Loleng	\N	writer	\N	\N
tt16979890	10	nm7697448	John Mychal Feraren	\N	producer	producer	\N
tt16979890	11	nm3408288	Jay Ramirez	\N	cinematographer	\N	\N
tt16979890	12	nm3507362	Arthur Maningas	\N	production_designer	\N	\N
tt16979990	1	nm1951481	Almira Muhlach	\N	actress	\N	\N
tt16979990	2	nm0659340	Tina Paner	\N	actress	\N	\N
tt16979990	3	nm0721287	Gladys Reyes	1976	actress	\N	\N
tt16979990	4	nm1137826	Manilyn Reynes	1972	actress	\N	\N
tt16979990	5	nm4221236	Anna Vicente	\N	actress	\N	\N
tt16979990	6	nm2061643	Ahron Villena	\N	actor	\N	\N
tt16979990	7	nm11874755	Jomar Yee	\N	actor	\N	\N
tt16979990	8	nm2907344	Jojo Nadela	\N	director	\N	\N
tt16979990	9	nm7702911	Erwin Caezar Bravo	\N	writer	\N	\N
tt16979990	10	nm4107981	Reign Loleng	\N	writer	\N	\N
tt16979990	11	nm7697448	John Mychal Feraren	\N	producer	producer	\N
tt16979990	12	nm3408288	Jay Ramirez	\N	cinematographer	\N	\N
tt16979990	13	nm3507362	Arthur Maningas	\N	production_designer	\N	\N
tt16980416	1	nm10583343	Claire Castro	1998	actress	\N	\N
tt16980416	2	nm12226082	Katkat Dasalla	\N	actor	\N	\N
tt16980416	3	nm8527068	Lexi Gonzales	\N	actress	\N	\N
tt16980416	4	nm3851363	Fabio Ide	\N	actor	\N	\N
tt16980416	5	nm2049543	Vicky Morales	\N	actress	\N	\N
tt16980416	6	nm13285553	Beatrice Santos	\N	actress	\N	\N
tt16980416	7	nm1192396	Katya Santos	1982	actress	\N	\N
tt16980416	8	nm2907344	Jojo Nadela	\N	director	\N	\N
tt16980416	9	nm1870695	Monti Parungao	\N	director	\N	\N
tt16980416	10	nm7702911	Erwin Caezar Bravo	\N	writer	\N	\N
tt16980416	11	nm4918318	Evie Macapugay	\N	writer	\N	\N
tt16980416	12	nm7697448	John Mychal Feraren	\N	producer	producer	\N
tt16980416	13	nm8175900	Mark Ginolos	\N	cinematographer	\N	\N
tt16980416	14	nm3408288	Jay Ramirez	\N	cinematographer	\N	\N
tt16980416	15	nm3507362	Arthur Maningas	\N	production_designer	\N	\N
tt16980488	1	nm1383883	Tess Antonio	\N	actress	\N	\N
tt16980488	2	nm2669712	Jennica Garcia	1989	actress	\N	\N
tt16980488	3	nm4530823	Kyle Ocampo	\N	actress	\N	\N
tt16980488	4	nm1288405	Rafael Rosell	1982	actor	\N	\N
tt16980488	5	nm1667489	Sheree	1981	actress	\N	\N
tt16980488	6	nm2907344	Jojo Nadela	\N	director	\N	\N
tt16980488	7	nm7702911	Erwin Caezar Bravo	\N	writer	\N	\N
tt16980488	8	nm4107981	Reign Loleng	\N	writer	\N	\N
tt16980488	9	nm7697448	John Mychal Feraren	\N	producer	producer	\N
tt16980488	10	nm3408288	Jay Ramirez	\N	cinematographer	director of photography	\N
tt16980488	11	nm3507362	Arthur Maningas	\N	production_designer	\N	\N
tt16980594	1	nm13285591	Divine	\N	actor	\N	\N
tt16980594	2	nm5636764	Jon Lucas	\N	actor	\N	\N
tt16980594	3	nm5993593	Ashley Ortega	\N	actress	\N	\N
tt16980594	4	nm1667489	Sheree	1981	actress	\N	\N
tt16980594	5	nm1296578	Joshua Zamora	\N	actor	\N	\N
tt16980594	6	nm9788621	Eugene Sean Aleta	\N	director	\N	\N
tt16980594	7	nm7702911	Erwin Caezar Bravo	\N	writer	\N	\N
tt16980594	8	nm7929613	Riza Del Rio	\N	writer	\N	\N
tt16980594	9	nm7697448	John Mychal Feraren	\N	producer	producer	\N
tt16980594	10	nm3408288	Jay Ramirez	\N	cinematographer	\N	\N
tt16980594	11	nm3507362	Arthur Maningas	\N	production_designer	\N	\N
tt16980714	1	nm1235108	James Blanco	1981	actor	\N	\N
tt16980714	2	nm6471803	Patricia Coma	\N	actress	\N	\N
tt16980714	3	nm4357054	Clarence Delgado	\N	actor	\N	\N
tt16980714	4	nm1715384	Katrina Halili	1986	actress	\N	\N
tt16980714	5	nm5374875	Brenda Mage	\N	actor	\N	\N
tt16980714	6	nm2907344	Jojo Nadela	\N	director	\N	\N
tt16980714	7	nm7702911	Erwin Caezar Bravo	\N	writer	\N	\N
tt16980714	8	nm7929613	Riza Del Rio	\N	writer	\N	\N
tt16980714	9	nm7697448	John Mychal Feraren	\N	producer	producer	\N
tt16980714	10	nm3408288	Jay Ramirez	\N	cinematographer	director of photography	\N
tt17044854	1	nm13300846	Lime Aranya	\N	actress	\N	\N
tt17044854	2	nm9975066	Vince Crisostomo	\N	actor	\N	\N
tt17044854	3	nm0233616	Dexter Doria	1955	actress	\N	\N
tt17044854	4	nm10313112	Hailey Mendes	\N	actress	\N	\N
tt17044854	5	nm4529575	Barbara Miguel	\N	actress	\N	\N
tt17044854	6	nm6753921	Sofia Pablo	2006	actress	\N	\N
tt17044854	7	nm0661262	Gina Pareño	1950	actress	\N	\N
tt17044854	8	nm13300847	Lia Salvador	\N	actress	\N	\N
tt17044854	9	nm2884924	Ray Gibraltar	1976	director	\N	\N
tt17044854	10	nm7702911	Erwin Caezar Bravo	\N	writer	\N	\N
tt17044854	11	nm3643860	John Borgy Danao	\N	writer	\N	\N
tt17044854	12	nm7697448	John Mychal Feraren	\N	producer	producer	\N
tt17044854	13	nm3408288	Jay Ramirez	\N	cinematographer	director of photography	\N
tt17523590	1	nm8296279	Althea Ablan	\N	actress	\N	\N
tt17523590	2	nm5055144	Jelai Andres	1991	actress	\N	\N
tt17523590	3	nm1104624	Leandro Baldemor	\N	actor	\N	\N
tt17523590	4	nm10902143	Royce Cabrera	\N	actor	\N	\N
tt17523590	5	nm13351468	Trixie Lalaine Fabricante	\N	actress	\N	\N
tt17523590	6	nm1698831	Mark Herras	1986	actor	\N	\N
tt17523590	7	nm1367142	Jeffrey Hidalgo	\N	actor	\N	\N
tt17523590	8	nm1367142	Jeffrey Hidalgo	\N	director	\N	\N
tt17523590	9	nm7702911	Erwin Caezar Bravo	\N	writer	\N	\N
tt17523590	10	nm7929613	Riza Del Rio	\N	writer	\N	\N
tt17523590	11	nm7697448	John Mychal Feraren	\N	producer	producer	\N
tt17523590	12	nm3408288	Jay Ramirez	\N	cinematographer	director of photography	\N
tt17523792	1	nm3800938	Lucho Ayala	\N	actor	\N	\N
tt17523792	2	nm6850316	Pepita Curtis	\N	actor	\N	\N
tt17523792	3	nm1194281	Andrea Del Rosario	\N	actress	\N	\N
tt17523792	4	nm1105803	Jay Manalo	\N	actor	\N	\N
tt17523792	5	nm2907344	Jojo Nadela	\N	director	\N	\N
tt17523792	6	nm7702911	Erwin Caezar Bravo	\N	writer	\N	\N
tt17523792	7	nm6628470	John Anthony Rodulfo	\N	writer	writer	\N
tt17523792	8	nm7697448	John Mychal Feraren	\N	producer	producer	\N
tt17523792	9	nm3408288	Jay Ramirez	\N	cinematographer	director of photography	\N
tt19733746	1	nm4368232	Marco Pasqua	1985	self	\N	["Self - Host"]
tt19733746	2	nm9263162	Esabella Anna Karena Strickland	\N	actress	\N	["Co-host"]
tt22376118	1	nm9150654	Ayeesha Cervantes	2000	actress	\N	\N
tt22376118	2	nm8545068	Luis Hontiveros	1992	actor	\N	\N
tt22376118	3	nm1715047	Dion Ignacio	1986	actor	\N	\N
tt22376118	4	nm13706172	Reynald Ramos	\N	actor	\N	["Dr. Ramos"]
tt22376118	5	nm0713398	Ina Raymundo	1978	actress	\N	\N
tt22376118	6	nm0739360	Chanda Romero	\N	actress	\N	\N
tt22376118	7	nm1870695	Monti Parungao	\N	director	\N	\N
tt22376118	8	nm4888056	Adam Cornelius Asin	\N	writer	\N	\N
tt22376118	9	nm7702911	Erwin Caezar Bravo	\N	writer	\N	\N
tt22376118	10	nm3408288	Jay Ramirez	\N	cinematographer	\N	\N
tt22376246	1	nm4096810	Elijah Alejo	\N	actress	\N	\N
tt22376246	2	nm0209649	Christopher De Leon	1956	actor	\N	\N
tt22376246	3	nm1400283	Ana Roces	\N	actress	\N	\N
tt22376246	4	nm7976246	Kate Valdez	\N	actress	\N	\N
tt22376246	5	nm14088985	Mateo Velasco	\N	actor	\N	\N
tt22376246	6	nm2907344	Jojo Nadela	\N	director	\N	\N
tt22376246	7	nm7702911	Erwin Caezar Bravo	\N	writer	\N	\N
tt22376246	8	nm4918318	Evie Macapugay	\N	writer	\N	\N
tt22376246	9	nm3408288	Jay Ramirez	\N	cinematographer	\N	\N
tt22376300	1	nm4934163	Denise Barbacena	\N	actress	\N	\N
tt22376300	2	nm1235108	James Blanco	1981	actor	\N	\N
tt22376300	3	nm9217806	Ella Cristofani	\N	actress	\N	\N
tt22376300	4	nm1256860	Sheryl Cruz	1974	actress	\N	\N
tt22376300	5	nm10771042	Kim De Leon	\N	actor	\N	\N
tt22376300	6	nm1282841	Boom Labrusca	\N	actor	\N	\N
tt22376300	7	nm14084713	Gianna Llanes	\N	actress	\N	\N
tt22376300	8	nm1870695	Monti Parungao	\N	director	\N	\N
tt22376300	9	nm4888056	Adam Cornelius Asin	\N	writer	\N	\N
tt22376300	10	nm7702911	Erwin Caezar Bravo	\N	writer	\N	\N
tt22376300	11	nm3408288	Jay Ramirez	\N	cinematographer	\N	\N
tt22376360	1	nm1286752	Aleck Bovick	1984	actress	\N	\N
tt22376360	2	nm4357054	Clarence Delgado	\N	actor	\N	\N
tt22376360	3	nm1982868	Joshua Dionisio	1994	actor	\N	\N
tt22376360	4	nm1507746	Mark Dionisio	\N	actor	\N	\N
tt22376360	5	nm0147367	Ronnie Lazaro	1957	actor	\N	\N
tt22376360	6	nm1257705	Lilet	1977	actress	\N	\N
tt22376360	7	nm0599603	Raquel Monteza	1955	actress	\N	\N
tt22376360	8	nm8093659	Klea Pineda	\N	actress	\N	\N
tt22376360	9	nm1245609	Biboy Ramirez	1981	actor	\N	\N
tt22376360	10	nm6628468	Ashley Sarmiento	\N	actress	\N	\N
tt22376360	11	nm1367142	Jeffrey Hidalgo	\N	director	\N	\N
tt22376360	12	nm6964074	Rommel Penesa	\N	director	\N	\N
tt22376360	13	nm7702911	Erwin Caezar Bravo	\N	writer	\N	\N
tt22376360	14	nm4107981	Reign Loleng	\N	writer	\N	\N
tt22376360	15	nm3408288	Jay Ramirez	\N	cinematographer	\N	\N
tt22376442	1	nm10583343	Claire Castro	1998	actress	\N	\N
tt22376442	2	nm0229037	Allen Dizon	\N	actor	\N	\N
tt22376442	3	nm1055431	Mickey Ferriols	\N	actress	\N	\N
tt22376442	4	nm5865948	Kim Perez	\N	actor	\N	\N
tt22376442	5	nm8975520	JC Tan	\N	actor	\N	\N
tt22376442	6	nm1870695	Monti Parungao	\N	director	\N	\N
tt22376442	7	nm7702911	Erwin Caezar Bravo	\N	writer	\N	\N
tt22376442	8	nm4107981	Reign Loleng	\N	writer	\N	\N
tt22376456	1	nm12085398	Christian Antolin	\N	actor	\N	\N
tt22376456	2	nm7044551	Anjo Damiles	\N	actor	\N	\N
tt22376456	3	nm8010845	Dentrix Ponce	\N	actor	\N	\N
tt22376456	4	nm5698513	Elle Ramirez	\N	actress	\N	\N
tt22376456	5	nm13706172	Reynald Ramos	\N	actor	\N	["Dr. Ramos"]
tt22376456	6	nm3012977	Buboy Villar	\N	actor	\N	\N
tt22376456	7	nm2907344	Jojo Nadela	\N	director	\N	\N
tt22376456	8	nm7702911	Erwin Caezar Bravo	\N	writer	\N	\N
tt22376456	9	nm4918318	Evie Macapugay	\N	writer	\N	\N
tt22376456	10	nm3408288	Jay Ramirez	\N	cinematographer	\N	\N
tt22376494	1	nm7999003	Prince Clemente	\N	actor	\N	\N
tt22376494	2	nm10785756	Rere Madrid	\N	actress	\N	\N
tt22376494	3	nm1137826	Manilyn Reynes	1972	actress	\N	\N
tt22376494	4	nm8958113	Shaun Salvador	\N	actor	\N	\N
tt22376494	5	nm1403394	Gilleth Sandico	\N	actress	\N	\N
tt22376494	6	nm1367142	Jeffrey Hidalgo	\N	director	\N	\N
tt22376494	7	nm7702911	Erwin Caezar Bravo	\N	writer	\N	\N
tt22376494	8	nm4107981	Reign Loleng	\N	writer	\N	\N
tt22376494	9	nm3408288	Jay Ramirez	\N	cinematographer	\N	\N
tt22376504	1	nm0043160	Rita Avila	\N	actress	\N	\N
tt22376504	2	nm10090820	Joaquin Manansala	\N	actor	\N	\N
tt22376504	3	nm10387449	Yvette Sanchez	\N	actress	\N	\N
tt22376504	4	nm4998103	Myrtle Sarrosa	1994	actress	\N	\N
tt22376504	5	nm1387316	Neil Ryan Sese	1979	actor	\N	\N
tt22376504	6	nm1367142	Jeffrey Hidalgo	\N	director	\N	\N
tt22376504	7	nm4888056	Adam Cornelius Asin	\N	writer	\N	\N
tt22376504	8	nm7702911	Erwin Caezar Bravo	\N	writer	\N	\N
tt22376504	9	nm3408288	Jay Ramirez	\N	cinematographer	\N	\N
tt22376524	1	nm5207334	Akihiro Blanco	\N	actor	\N	\N
tt22376524	2	nm4347754	Boobay	\N	actor	\N	\N
tt22376524	3	nm13351468	Trixie Lalaine Fabricante	\N	actress	\N	\N
tt22376524	4	nm5294700	Ashley Rivera	\N	actress	\N	\N
tt22376524	5	nm3200324	Jose Sarasola	\N	actor	\N	\N
tt22376524	6	nm2907344	Jojo Nadela	\N	director	\N	\N
tt22376524	7	nm7702911	Erwin Caezar Bravo	\N	writer	\N	\N
tt22376524	8	nm13987816	Riza Del Rosario	\N	writer	\N	\N
tt22376524	9	nm3408288	Jay Ramirez	\N	cinematographer	\N	\N
tt22376572	1	nm10936941	Angela Alarcon	\N	actress	\N	\N
tt22376572	2	nm0535140	Marcus Madrigal	\N	actor	\N	\N
tt22376572	3	nm4496554	Kim Rodriguez	1994	actress	\N	\N
tt22376572	4	nm3719927	Tom Rodriguez	1987	actor	\N	\N
tt22376572	5	nm1915640	Andrea Torres	1990	actress	\N	\N
tt22376572	6	nm2907344	Jojo Nadela	\N	director	\N	\N
tt22376572	7	nm7702911	Erwin Caezar Bravo	\N	writer	\N	\N
tt22376572	8	nm6628470	John Anthony Rodulfo	\N	writer	\N	\N
tt22376572	9	nm3408288	Jay Ramirez	\N	cinematographer	\N	\N
tt22376622	1	nm3850443	Rowena Concepcion	\N	actress	\N	\N
tt22376622	2	nm2808502	Ana De Leon	\N	actress	\N	\N
tt22376622	3	nm5636764	Jon Lucas	\N	actor	\N	\N
tt22376622	4	nm7887010	Ayra Mariano	\N	actress	\N	\N
tt22376622	5	nm0659340	Tina Paner	\N	actress	\N	\N
tt22376622	6	nm1870695	Monti Parungao	\N	director	\N	\N
tt22376622	7	nm7702911	Erwin Caezar Bravo	\N	writer	\N	\N
tt22376622	8	nm7929613	Riza Del Rio	\N	writer	\N	\N
tt22376622	9	nm3408288	Jay Ramirez	\N	cinematographer	\N	\N
tt22742702	1	nm1384000	Rochelle Barrameda	\N	actress	\N	["Sol"]
tt22742702	2	nm5850567	Elora Españo	\N	actress	\N	["Judy"]
tt22742702	3	nm8294889	Kristof Garcia	1994	actor	\N	["Raul"]
tt22742702	4	nm0347940	Maila Gumila	1965	actress	\N	["Sylvia"]
tt22742702	5	nm10971560	John Heindrick	\N	actor	\N	["Zyren"]
tt22742702	6	nm13713391	Frances Lee Loyola	2007	actress	\N	["Beth"]
tt22742702	7	nm0630281	Madeleine Nicolas	\N	actress	\N	["Agnes"]
tt22742702	8	nm1574348	Lee O'Brian	\N	actor	\N	["Henry - actor"]
tt22742702	9	nm2892355	Mariel Pamintuan	\N	actress	\N	["Rose"]
tt22742702	10	nm5865948	Kim Perez	\N	actor	\N	["Alfonso"]
tt22742702	11	nm3973781	Xian Lim	\N	director	\N	\N
tt27423643	1	nm9263162	Esabella Anna Karena Strickland	\N	self	\N	["Self"]
tt27423643	2	nm4368232	Marco Pasqua	1985	self	\N	["Self - Host"]
tt27578287	1	nm9369548	Donna Cariaga	\N	actress	\N	\N
tt27622484	1	nm1463545	Wilfred Genee	1967	self	\N	["Self - Host"]
tt27622484	2	nm1463118	Johan Derksen	1949	self	\N	["Self - Co-Host"]
tt27622484	3	nm3182924	René van der Gijp	1961	self	\N	["Self - Co-Host"]
tt27622484	4	nm2115817	Hans Kraay Jr.	1960	self	\N	["Self"]
tt27622517	1	nm1463545	Wilfred Genee	1967	self	\N	["Self - Host"]
tt27622517	2	nm1463118	Johan Derksen	1949	self	\N	["Self - Co-Host"]
tt27622517	3	nm3182924	René van der Gijp	1961	self	\N	["Self - Co-Host"]
tt27622517	4	nm1408585	Ronald Koeman	1963	self	\N	["Self"]
tt27622517	5	nm6866481	Simon Zijlemans	\N	self	\N	["Self"]
tt27622517	6	nm4905994	Danny Vera	\N	self	\N	["Self"]
tt27622535	1	nm1463545	Wilfred Genee	1967	self	\N	["Self - Host"]
tt27622535	2	nm1463118	Johan Derksen	1949	self	\N	["Self - Co-Host"]
tt27622535	3	nm3182924	René van der Gijp	1961	self	\N	["Self - Co-Host"]
tt27622535	4	nm2115817	Hans Kraay Jr.	1960	self	\N	["Self"]
tt27622535	5	nm13708258	Chris Woerts	\N	self	\N	["Self"]
tt27622535	6	nm6866481	Simon Zijlemans	\N	self	\N	["Self"]
tt27622672	1	nm1463545	Wilfred Genee	1967	self	\N	["Self - Host"]
tt27622672	2	nm1463118	Johan Derksen	1949	self	\N	["Self - Co-Host"]
tt27622672	3	nm3182924	René van der Gijp	1961	self	\N	["Self - Co-Host"]
tt27622672	4	nm8769434	Marcel van Roosmalen	\N	self	\N	["Self"]
tt27630182	1	nm1463545	Wilfred Genee	1967	self	\N	["Self - Host"]
tt27630182	2	nm1463118	Johan Derksen	1949	self	\N	["Self - Co-Host"]
tt27630182	3	nm3182924	René van der Gijp	1961	self	\N	["Self - Co-Host"]
tt27630182	4	nm6866481	Simon Zijlemans	\N	self	\N	["Self"]
tt27630347	1	nm1463545	Wilfred Genee	1967	self	\N	["Self - Host"]
tt27630347	2	nm1463118	Johan Derksen	1949	self	\N	["Self - Co-Host"]
tt27630347	3	nm3182924	René van der Gijp	1961	self	\N	["Self - Co-Host"]
tt27630347	4	nm9779145	Jan Boskamp	\N	self	\N	["Self"]
tt27630347	5	nm6866481	Simon Zijlemans	\N	self	\N	["Self"]
tt27630839	1	nm1463545	Wilfred Genee	1967	self	\N	["Self - Host"]
tt27630839	2	nm1463118	Johan Derksen	1949	self	\N	["Self - Co-Host"]
tt27630839	3	nm3182924	René van der Gijp	1961	self	\N	["Self - Co-Host"]
tt27630839	4	nm2920088	Wim Kieft	1962	self	\N	["Self"]
tt27636969	1	nm1463545	Wilfred Genee	1967	self	\N	["Self - Host"]
tt27636969	2	nm1463118	Johan Derksen	1949	self	\N	["Self - Co-Host"]
tt27636969	3	nm3182924	René van der Gijp	1961	self	\N	["Self - Co-Host"]
tt27636969	4	nm2920088	Wim Kieft	1962	self	\N	["Self"]
tt27636983	1	nm1463545	Wilfred Genee	1967	self	\N	["Self - Host"]
tt27636983	2	nm1463118	Johan Derksen	1949	self	\N	["Self - Co-Host"]
tt27636983	3	nm3182924	René van der Gijp	1961	self	\N	["Self - Co-Host"]
tt27636983	4	nm4826669	Valentijn Driessen	\N	self	\N	["Self"]
tt27636988	1	nm1463545	Wilfred Genee	1967	self	\N	["Self - Host"]
tt27636988	2	nm1463118	Johan Derksen	1949	self	\N	["Self - Co-Host"]
tt27636988	3	nm3182924	René van der Gijp	1961	self	\N	["Self - Co-Host"]
tt27636988	4	nm3116363	Gertjan Verbeek	1962	self	\N	["Self"]
tt27638041	1	nm1463545	Wilfred Genee	1967	self	\N	["Self - Host"]
tt27638041	2	nm1463118	Johan Derksen	1949	self	\N	["Self - Co-Host"]
tt27638041	3	nm3182924	René van der Gijp	1961	self	\N	["Self - Co-Host"]
tt27638041	4	nm0596394	Johnny de Mol	1979	self	\N	["Self"]
tt27638041	5	nm6866481	Simon Zijlemans	\N	self	\N	["Self"]
tt27638049	1	nm1463545	Wilfred Genee	1967	self	\N	["Self - Host"]
tt27638049	2	nm1463118	Johan Derksen	1949	self	\N	["Self - Co-Host"]
tt27638049	3	nm3182924	René van der Gijp	1961	self	\N	["Self - Co-Host"]
tt27638049	4	nm3116363	Gertjan Verbeek	1962	self	\N	["Self"]
tt27638049	5	nm4905994	Danny Vera	\N	self	\N	["Self"]
tt27638049	6	nm6404373	Walter Trout	\N	self	\N	["Self"]
tt27642301	1	nm1463545	Wilfred Genee	1967	self	\N	["Self - Host"]
tt27642301	2	nm1463118	Johan Derksen	1949	self	\N	["Self - Co-Host"]
tt27642301	3	nm3182924	René van der Gijp	1961	self	\N	["Self - Co-Host"]
tt27642301	4	nm8526391	Sensi Lowe	\N	self	\N	["Self"]
tt27642301	5	nm6866481	Simon Zijlemans	\N	self	\N	["Self"]
tt27642308	1	nm1463545	Wilfred Genee	1967	self	\N	["Self - Host"]
tt27642308	2	nm1463118	Johan Derksen	1949	self	\N	["Self - Co-Host"]
tt27642308	3	nm3182924	René van der Gijp	1961	self	\N	["Self - Co-Host"]
tt27642308	4	nm1408585	Ronald Koeman	1963	self	\N	["Self"]
tt27642308	5	nm4826669	Valentijn Driessen	\N	self	\N	["Self"]
tt27642308	6	nm4905994	Danny Vera	\N	self	\N	["Self"]
tt27642342	1	nm1463545	Wilfred Genee	1967	self	\N	["Self - Host"]
tt27642342	2	nm1463118	Johan Derksen	1949	self	\N	["Self - Co-Host"]
tt27642342	3	nm3182924	René van der Gijp	1961	self	\N	["Self - Co-Host"]
tt27642342	4	nm9779145	Jan Boskamp	\N	self	\N	["Self"]
tt27642342	5	nm4761758	Roelof Luinge	\N	self	\N	["Self"]
tt27643804	1	nm1463545	Wilfred Genee	1967	self	\N	["Self - Host"]
tt27643804	2	nm1463118	Johan Derksen	1949	self	\N	["Self - Co-Host"]
tt27643804	3	nm3182924	René van der Gijp	1961	self	\N	["Self - Co-Host"]
tt27643804	4	nm9779145	Jan Boskamp	\N	self	\N	["Self"]
tt27643804	5	nm9971140	Willem Feenstra	\N	self	\N	["Self"]
tt27643804	6	nm6866481	Simon Zijlemans	\N	self	\N	["Self"]
tt27643811	1	nm1463545	Wilfred Genee	1967	self	\N	["Self - Host"]
tt27643811	2	nm1463118	Johan Derksen	1949	self	\N	["Self - Co-Host"]
tt27643811	3	nm3182924	René van der Gijp	1961	self	\N	["Self - Co-Host"]
tt27643811	4	nm9779145	Jan Boskamp	\N	self	\N	["Self"]
tt27643811	5	nm6866481	Simon Zijlemans	\N	self	\N	["Self"]
tt27644011	1	nm1463545	Wilfred Genee	1967	self	\N	["Self - Host"]
tt27644011	2	nm1463118	Johan Derksen	1949	self	\N	["Self - Co-Host"]
tt27644011	3	nm3182924	René van der Gijp	1961	self	\N	["Self - Co-Host"]
tt27644011	4	nm2920088	Wim Kieft	1962	self	\N	["Self"]
tt27644011	5	nm6866481	Simon Zijlemans	\N	self	\N	["Self"]
tt27644149	1	nm1463545	Wilfred Genee	1967	self	\N	["Self - Host"]
tt27644149	2	nm1463118	Johan Derksen	1949	self	\N	["Self - Co-Host"]
tt27644149	3	nm3182924	René van der Gijp	1961	self	\N	["Self - Co-Host"]
tt27644149	4	nm2920088	Wim Kieft	1962	self	\N	["Self"]
tt27644149	5	nm6866481	Simon Zijlemans	\N	self	\N	["Self"]
tt27644201	1	nm1463545	Wilfred Genee	1967	self	\N	["Self - Host"]
tt27644201	2	nm1463118	Johan Derksen	1949	self	\N	["Self - Co-Host"]
tt27644201	3	nm3182924	René van der Gijp	1961	self	\N	["Self - Co-Host"]
tt27644201	4	nm3116363	Gertjan Verbeek	1962	self	\N	["Self"]
tt27644201	5	nm4761758	Roelof Luinge	\N	self	\N	["Self"]
tt27644201	6	nm6866481	Simon Zijlemans	\N	self	\N	["Self"]
tt28450006	1	nm6520391	Rhed Bustamante	\N	actress	\N	\N
tt28450006	2	nm6011316	David Remo	\N	actor	\N	\N
tt30310119	1	nm15562484	Jason Kurstjens	\N	actor	\N	["Jason Kurstjens"]
tt30310119	2	nm13300845	Tanna Delos Santos	\N	producer	producer	\N
tt30310119	3	nm15562469	Jellica Ignacio	\N	producer	producer	\N
tt30310119	4	nm13819228	Elybeth Lim	\N	producer	producer	\N
tt31458981	1	nm1417569	Tom Cochrane	1953	self	\N	["Self"]
tt31458981	2	nm4909658	Walk Off the Earth	\N	self	\N	["Themselves"]
tt31474291	1	nm14520632	Aysanabee	\N	self	\N	["Self"]
tt31474291	2	nm1327375	Barenaked Ladies	\N	self	\N	["Themselves"]
tt31474291	3	nm0125217	Brent Butt	1966	self	\N	["Self"]
tt31474291	4	nm2657067	Chris Gailus	1967	self	\N	["Self"]
tt31474291	5	nm4368232	Marco Pasqua	1985	self	\N	["Self - Host"]
tt31474291	6	nm5977999	Safeeya Pirani	\N	self	\N	["Self"]
tt31474291	7	nm10258581	The Reklaws	\N	self	\N	["Themselves"]
tt31474291	8	nm0736622	Seth Rogen	1982	self	\N	["Self"]
tt31474305	1	nm1417569	Tom Cochrane	1953	self	\N	["Self"]
tt31474305	2	nm0005202	Eric McCormack	1963	self	\N	["Self"]
tt4604054	1	nm4368232	Marco Pasqua	1985	self	\N	["Self - Panelist"]
tt4604054	2	nm4888541	Jaylene Wells	\N	self	\N	["Self"]
tt5429214	1	nm4368232	Marco Pasqua	1985	self	\N	["Self - Host"]
tt5429214	2	nm5117549	Gracyn Shinyei	2006	actress	\N	["Dancer"]
tt5429214	3	nm3462855	Valin Shinyei	2001	actor	\N	["Dancer"]
tt6546438	1	nm4368232	Marco Pasqua	1985	self	\N	["Self - Host"]
tt6546438	2	nm4131698	Kim Kuhn	\N	director	director	\N
tt8222870	1	nm0759252	Phillip Salvador	\N	actor	\N	["Bobby"]
tt8222870	2	nm5786680	Juancho Trivino	\N	actor	\N	["Mark"]
tt8222870	3	nm9184210	Andrew Zobel	\N	actor	\N	["Jay"]
tt8255544	1	nm2595539	Benjamin Alves	\N	actor	\N	["Basil"]
tt8255544	2	nm1886691	Ryza Cenon	1987	actress	\N	["Ella"]
tt8255544	3	nm9184210	Andrew Zobel	\N	actor	\N	["Mar"]
tt8255544	4	nm3533795	King Mark Baco	\N	director	\N	\N
tt8255684	1	nm3958650	Winwyn Marquez	\N	actress	\N	["May"]
tt8255684	2	nm9184210	Andrew Zobel	\N	actor	\N	["Jervy"]
tt8255684	3	nm2692240	Armin Collado	\N	director	\N	\N
tt8255776	1	nm2595539	Benjamin Alves	\N	actor	\N	["Daniel"]
tt8255776	2	nm4656257	Maey Bautista	\N	actress	\N	["Mina"]
tt8255776	3	nm0351270	Tanya Gomez	\N	actress	\N	["Nanay Miling"]
tt8255776	4	nm8082919	Beatriz Imperial	\N	actress	\N	["Sofia"]
tt8255776	5	nm6886707	Lharby Policarpio	\N	actor	\N	["Leo"]
tt8255776	6	nm0764755	Joel Saracho	\N	actor	\N	["Tatay Kardo"]
tt8255776	7	nm9184210	Andrew Zobel	\N	actor	\N	["Ding"]
tt8255776	8	nm3533795	King Mark Baco	\N	director	\N	\N
tt8259628	1	nm2595539	Benjamin Alves	\N	actor	\N	\N
tt8259630	1	nm1886691	Ryza Cenon	1987	actress	\N	\N
tt8259630	2	nm2323570	Rodjun Cruz	\N	actor	\N	\N
tt8259670	1	nm2595539	Benjamin Alves	\N	actor	\N	\N
tt8259670	2	nm2681153	Mika Dela Cruz	1998	actress	\N	\N
tt8259670	3	nm3199043	Janna Dominguez	\N	actress	\N	\N
tt8259670	4	nm5786680	Juancho Trivino	\N	actor	\N	\N
tt8332826	1	nm4368232	Marco Pasqua	1985	self	\N	["Self - Host"]
tt8332826	2	nm4131698	Kim Kuhn	\N	producer	producer	\N
tt9051882	1	nm1246270	Gio Alvarez	\N	actor	\N	["Caloy"]
tt9051882	2	nm7998698	Mark Christopher Israel	1994	actor	\N	["Ruffa"]
tt9051882	3	nm0499205	Lito Legaspi	1941	actor	\N	["Caloy's Father"]
tt9051882	4	nm10151935	May Cruz Alviar	\N	director	\N	\N
