tconst	titleType	primaryTitle	originalTitle	isAdult	startYear	endYear	runtimeMinutes	genres								
tt0188360	tvSeries	Show of Hearts	Show of Hearts	0	2015	\N	1320	Comedy								
tt0383158	tvSeries	Voetbal Inside	Voetbal Inside	0	2015	2018	60	Sport	Talk-Show							
tt0400059	tvSeries	Wish ko lang	Wish ko lang	0	2015	\N	\N	Crime	Documentary	Drama						
tt10003494	tvSeries	Weird Norwegian	Weird Norwegian	0	2015	\N	15	Reality-TV								
tt10003848	tvSeries	Kormányinfó	Kormányinfó	0	2015	\N	\N	Talk-Show								
tt10006668	tvSeries	Swallow Salon	Swallow Salon	1	2015	\N	\N	Adult								
tt10007992	tvSeries	The Battle Show	The Battle Show	0	2015	2015	\N	Sport	Talk-Show							
tt10010920	tvSeries	Bhagyalaxmi	Bhagyalaxmi	0	2015	2016	22	Drama								
tt10011708	tvSeries	The Graduates	The Graduates	0	2015	2015	\N	Comedy								
tt10013956	tvSeries	Nation Decay	Nation Decay	0	2015	\N	\N	Documentary	History							
tt10016366	tvSeries	Livshutter	Livshutter	0	2015	\N	\N	Reality-TV								
tt10020990	tvSeries	The Style Project	The Style Project	0	2015	\N	\N	Talk-Show								
tt10022066	tvSeries	Bir Deniz Hikayesi	Bir Deniz Hikayesi	0	2015	2015	120	Drama								
tt10023142	tvSeries	Quite Frankly	Quite Frankly	0	2015	\N	\N	News	Talk-Show							
tt10025350	tvSeries	Rearranged Love	 Deceptive Marriage	Jatt Ruk	0	2015	2015	80	Comedy	Drama	Romance					
tt10026520	tvSeries	Gymnastiki gia olous	Gymnastiki gia olous	0	2015	2015	\N	Sport								
tt10027934	tvSeries	Dvoynaya sploshnaya	Dvoynaya sploshnaya	0	2015	2015	\N	Drama								
tt10029118	tvSeries	Nothing Erotic	Nothing Erotic	1	2015	\N	\N	Adult	Short							
tt10029320	tvSeries	Caesar's Vids	Caesar's Vids	0	2015	\N	\N	Short								
tt10032022	tvSeries	Eurovisionmania	Eurovisionmania	0	2015	2015	\N	Music	Talk-Show							
tt10041970	tvSeries	Glitter Critters	Glitter Critters	0	2015	\N	11	Family								
tt10043962	tvSeries	The 19th Hole	The 19th Hole	0	2015	2015	30	Sport								
tt10044150	tvSeries	The Crazy Middles	The Crazy Middles	0	2015	\N	\N	\N								
tt10048540	tvSeries	Sta edrana & stis kerkides	Sta edrana & stis kerkides	0	2015	2015	\N	News	Talk-Show							
tt10052130	tvSeries	The 19th Hole	The 19th Hole	0	2015	2015	30	Sport								
tt10054224	tvSeries	Odigontas soStar	Odigontas soStar	0	2015	2016	\N	Talk-Show								
tt10058722	tvSeries	Supertruckers	Supertruckers	0	2015	2017	45	Documentary								
tt10066160	tvSeries	Lyudmila Gurchenko	Lyudmila Gurchenko	0	2015	2015	44	Biography								
tt10066634	tvSeries	A History of Philosophy	A History of Philosophy	0	2015	\N	\N	Documentary	History							
tt10066650	tvSeries	Pautina 9	Pautina 9	0	2015	2015	\N	Crime								
tt10071394	tvSeries	King of Candy	King of Candy	0	2015	2015	\N	Reality-TV								
tt10071402	tvSeries	Family Practice	Family Practice	0	2015	2015	\N	Reality-TV								
tt10072916	tvSeries	Chyornaya reka	Chyornaya reka	0	2015	2015	\N	Crime	Drama							
tt10073228	tvSeries	Chillout	Chillout	0	2015	2017	\N	Talk-Show								
tt10075018	tvSeries	Eventyrjenter	Eventyrjenter	0	2015	2016	39	Documentary								
tt10075044	tvSeries	Øyeblikket	Øyeblikket	0	2015	2015	1	Documentary	Short							
tt10092164	tvSeries	IDU Curiosity	IDU Curiosity	0	2015	2021	\N	Documentary								
tt10092542	tvSeries	Underground	Underground	0	2015	2018	\N	Talk-Show								
tt10092728	tvSeries	Min bror kollokungen	Min bror kollokungen	0	2015	2016	30	Family								
tt10097244	tvSeries	What T.O. Do?	What T.O. Do?	0	2015	\N	\N	Talk-Show								
tt10100512	tvSeries	Moja mama varí lepsie ako tvoja	Moja mama varí lepsie ako tvoja	0	2015	\N	60	Game-Show								
tt10107244	tvSeries	Mamma Mima TV	Mamma Mima TV	0	2015	2019	\N	Documentary								
tt10107618	tvSeries	Prosecutors	Prokurory	0	2015	2016	\N	Crime								
tt10107884	tvSeries	Vogue Williams Investigates	Vogue Williams Investigates	0	2015	\N	\N	Documentary								
tt10111536	tvSeries	So! Muncu!	So! Muncu!	0	2015	\N	\N	Talk-Show								
tt10117618	tvSeries	Baren - Pop up	Baren - Pop up	0	2015	2015	\N	Reality-TV								
tt10117704	tvSeries	MasterChef Cesko	MasterChef Cesko	0	2015	\N	\N	Reality-TV								
tt10122490	tvSeries	Travel in Greece	Gyrismata stin Ellada	0	2015	\N	50	Documentary								
tt10122670	tvSeries	Love School	Love School	0	2015	\N	\N	Reality-TV								
tt10122710	tvSeries	Hannah Gadsby: Renaissance Woman	Hannah Gadsby: Renaissance Woman	0	2015	2015	\N	Comedy								
tt10125268	tvSeries	Ramez	 The Air Invader	Ramez	 The Air Invader	0	2015	\N	\N	Comedy	Reality-TV	Short				
tt10126154	tvSeries	Full On!	Full On!	0	2015	\N	\N	Action	Adventure							
tt10127716	tvSeries	Geethanjali	Geethanjali	0	2015	\N	\N	Horror								
tt10129530	tvSeries	On Creativity with Paula Wallace	On Creativity with Paula Wallace	0	2015	\N	\N	Talk-Show								
tt10135020	tvSeries	The Mubet Show	The Mubet Show	0	2015	\N	\N	Sport	Talk-Show							
tt10135560	tvSeries	Pete & Pio's Kai Safari	Pete & Pio's Kai Safari	0	2015	\N	\N	Reality-TV								
tt10138256	tvSeries	Pavojingi jausmai	Pavojingi jausmai	0	2015	2016	\N	Drama								
tt10138452	tvSeries	Paragon Pro TV	Paragon Pro TV	0	2015	\N	60	Sport								
tt10141202	tvSeries	She Thinks	She Thinks	0	2015	2016	\N	Comedy	Reality-TV							
tt10144198	tvSeries	El camino de la justicia	El camino de la justicia	0	2015	2015	\N	Documentary								
tt10150296	tvSeries	Mobeomsaeng	Mobeomsaeng	0	2015	2015	\N	Drama								
tt10151978	tvSeries	Ola gia tin mama	Ola gia tin mama	0	2015	\N	\N	Talk-Show								
tt10153632	tvSeries	Salang-e Daehayeo	Salang-e Daehayeo	0	2015	2015	\N	Drama								
tt10156350	tvSeries	MTV Pride Chart Show	MTV Pride Chart Show	0	2015	2015	\N	Talk-Show								
tt10156366	tvSeries	MTV Pop 20	MTV Pop 20	0	2015	2015	\N	Talk-Show								
tt10156370	tvSeries	MTV Superfan Search	MTV Superfan Search	0	2015	2015	\N	Comedy								
tt10156382	tvSeries	MTV Fit: adidas sessions	MTV Fit: adidas sessions	0	2015	2016	\N	Sport								
tt10156490	tvSeries	Hot Guys Fuck	Hot Guys Fuck	1	2015	\N	24	Adult								
tt10157196	tvSeries	Noiasou gia tin ygeia sou	Noiasou gia tin ygeia sou	0	2015	\N	\N	Talk-Show								
tt10157688	tvSeries	A Life in Art	A Life in Art	0	2015	2017	30	Talk-Show								
tt10159790	tvSeries	Two Yoo Project - Sugar Man	Two Yoo Project - Sugar Man	0	2015	\N	\N	Music								
tt10160136	tvSeries	V L G	V L G	0	2015	\N	10	Reality-TV								
tt10162522	tvSeries	Milon Tithi	Milon Tithi	0	2015	2017	\N	Romance								
tt10166530	tvSeries	Food-Ball	Food-Ball	0	2015	2015	\N	Game-Show	Reality-TV							
tt10170676	tvSeries	ATM	ATM	0	2015	2015	3	Thriller								
tt10171124	tvSeries	Gysi und ... - Der n-tv Jahresrückblick	Gysi und ... - Der n-tv Jahresrückblick	0	2015	\N	40	News								
tt10172314	tvSeries	Quantity Train	Quantity Train	0	2015	2016	\N	Family								
tt10177396	tvSeries	Chapman's Secrets	Chapman's Secrets	0	2015	\N	\N	Documentary								
tt10179150	tvSeries	Wish List: La Liste de vos envies	Wish List: La Liste de vos envies	0	2015	2016	\N	Game-Show								
tt10195328	tvSeries	Liefde voor muziek	Liefde voor muziek	0	2015	\N	\N	Music								
tt10195610	tvSeries	Saat Paake Bandha	Saat Paake Bandha	0	2015	\N	\N	Reality-TV								
tt10195700	tvSeries	Video Vision	Video Vision	0	2015	\N	30	Music								
tt10195808	tvSeries	Shob choritro kalponik	Shob choritro kalponik	0	2015	\N	\N	Drama								
tt10196018	tvSeries	Ebar jalsha	Ebar jalsha	0	2015	\N	\N	Reality-TV								
tt10196106	tvSeries	Mon Niye Kachakachi	Mon Niye Kachakachi	0	2015	2015	\N	Romance								
tt10196120	tvSeries	Joyo Hey	Joyo Hey	0	2015	\N	\N	Reality-TV								
tt10196126	tvSeries	Akal Bodhon	Akal Bodhon	0	2015	\N	\N	\N								
tt10197506	tvSeries	Shadow of the Heart	Ngao Jai	0	2015	2015	90	Comedy	Drama	Romance						
tt10200518	tvSeries	Olho Mágico Reforma de Vizinhos	Olho Mágico Reforma de Vizinhos	0	2015	2015	52	Reality-TV								
tt10204304	tvSeries	Enaya Moshadda	Enaya Moshadda	0	2015	2015	\N	Drama								
tt10204888	tvSeries	L'Esprit Sorcier	L'Esprit Sorcier	0	2015	\N	\N	Documentary								
tt10206488	tvSeries	No Jumper	No Jumper	0	2015	\N	\N	Talk-Show								
tt10208558	tvSeries	The Real Queens of Kings County	The Real Queens of Kings County	0	2015	2016	\N	Comedy								
tt10208850	tvSeries	This Week in Comedy	This Week in Comedy	0	2015	2016	\N	Comedy								
tt10209930	tvSeries	Tum Mere Kya Ho	Tum Mere Kya Ho	0	2015	2016	40	Action	Crime	Drama						
tt10214970	tvSeries	BBC Eastenders - 9 July 2015	BBC Eastenders - 9 July 2015	0	2015	2015	\N	Drama								
tt10220646	tvSeries	Globo Magazin	Globo Magazin	0	2015	\N	45	Talk-Show								
tt10221398	tvSeries	Egri Kilátó	Egri Kilátó	0	2015	\N	\N	Biography	News	Reality-TV						
tt10223206	tvSeries	Curtas às Quartas	Curtas às Quartas	0	2015	\N	\N	Talk-Show								
tt10224766	tvSeries	Famous News	Famous News	0	2015	2015	\N	News								
tt10230030	tvSeries	Rettai Vaal Kuruvi	Rettai Vaal Kuruvi	0	2015	2015	\N	Romance								
tt10231358	tvSeries	Good	 Bad	 Ugly	Good	 Bad	 Ugly	0	2015	2015	\N	Comedy	Drama			
tt10235658	tvSeries	Jaane Kya Hoga Rama Re	Jaane Kya Hoga Rama Re	0	2015	2016	\N	Drama								
tt10235674	tvSeries	Zindagi Abhi Baaki Hai Mere Ghost	Zindagi Abhi Baaki Hai Mere Ghost	0	2015	2016	\N	Family								
tt10235810	tvSeries	Daffa 420	Daffa 420	0	2015	\N	\N	Comedy								
tt10235910	tvSeries	Life OK Screen Awards	Life OK Screen Awards	0	2015	\N	\N	Reality-TV								
tt10235926	tvSeries	Dil Dosti Duniyadaari	Dil Dosti Duniyadaari	0	2015	\N	30	Drama								
tt10236860	tvSeries	La Bande-Annonce de Fred	La Bande-Annonce de Fred	0	2015	2017	\N	Comedy								
tt10243684	tvSeries	Israel	Israel	0	2015	\N	\N	News	Talk-Show							
tt10244188	tvSeries	The Big House Reborn	The Big House Reborn	0	2015	2015	\N	Documentary								
tt10244328	tvSeries	Daniel and Majella's B&B Road Trip	Daniel and Majella's B&B Road Trip	0	2015	\N	\N	Documentary								
tt10252488	tvSeries	Equalizer	Ikwollaijyeo	0	2015	2015	5	Comedy								
tt10254536	tvSeries	Skapparoneday	Skapparoneday	0	2015	2016	\N	Comedy								
tt10254864	tvSeries	Equilibrios	Equilibrios	0	2015	2015	26	Documentary								
tt10257002	tvSeries	Million Doll	Million Doll	0	2015	2015	\N	Animation	Drama	Music						
tt10257376	tvSeries	De Blauwe Gids	De Blauwe Gids	0	2015	2015	\N	Documentary								
tt10261688	tvSeries	Grumology	Grumology	0	2015	2015	\N	Animation	Short							
tt10268570	tvSeries	If I Had a Dime	If I Had a Dime	0	2015	\N	\N	Animation								
tt10270842	tvSeries	Konjam Coffee Niraya Cinema	Konjam Coffee Niraya Cinema	0	2015	2020	\N	\N								
tt10270950	tvSeries	Lakshmi Vanthachu	Lakshmi Vanthachu	0	2015	2017	\N	Romance								
tt10271022	tvSeries	Janbaaz Sindbad	Janbaaz Sindbad	0	2015	\N	\N	Fantasy								
tt10271834	tvSeries	Life with Dusty	Life with Dusty	0	2015	\N	\N	Reality-TV								
tt10271894	tvSeries	India Poochega Sabse Shaana Kaun	India Poochega Sabse Shaana Kaun	0	2015	\N	\N	Reality-TV								
tt10271980	tvSeries	Mahadevi	Mahadevi	0	2015	\N	\N	Drama								
tt10275838	tvSeries	Gorillaphent	Gorillaphent	0	2015	\N	\N	Comedy								
tt10285256	tvSeries	The Pandora Men	The Pandora Men	0	2015	\N	20	Sci-Fi								
tt10287372	tvSeries	Chasseurs d'appart'	Chasseurs d'appart'	0	2015	\N	\N	Reality-TV								
tt10294644	tvSeries	Intense Battles	Intense Battles	0	2015	2016	\N	Action								
tt10295206	tvSeries	Brottsplats Sverige	Brottsplats Sverige	0	2015	2016	45	Crime								
tt10295448	tvSeries	Mr And Mrs Rangegowda	Mr And Mrs Rangegowda	0	2015	\N	\N	Drama								
tt10295942	tvSeries	Sangat	Sangat	0	2015	2016	\N	Drama								
tt10299734	tvSeries	Backyard Boston	Backyard Boston	0	2015	\N	\N	Talk-Show								
tt10303154	tvSeries	Mella Thirandhathu Kadhavu	Mella Thirandhathu Kadhavu	0	2015	2017	22	Drama								
tt10305440	tvSeries	Annakodiyum Aindhu Pengalum	Annakodiyum Aindhu Pengalum	0	2015	2016	22	Drama								
tt10305460	tvSeries	Simply Kushboo	Simply Kushboo	0	2015	2016	45	Reality-TV								
tt10305728	tvSeries	Parambariya Maruthuvam	Parambariya Maruthuvam	0	2015	\N	\N	\N								
tt10306572	tvSeries	Pranayam	Pranayam	0	2015	2017	\N	\N								
tt10307828	tvSeries	les chemins de l'école	les chemins de l'école	0	2015	\N	\N	Documentary								
tt10314748	tvSeries	Those Who Can't	Those Who Can't	0	2015	2016	\N	Comedy								
tt10315180	tvSeries	Evleneceksen Gel	Evleneceksen Gel	0	2015	2017	24	Reality-TV								
tt10321372	tvSeries	Tina & Tony	Tima i Toma	0	2015	2015	5	Animation								
tt10322566	tvSeries	Subverse	Subverse	0	2015	\N	\N	News								
tt10323464	tvSeries	Matt Forney Live	Matt Forney Live	0	2015	\N	\N	News								
tt10323476	tvSeries	Santalal	Santalal	0	2015	2017	26	Drama								
tt10324162	tvSeries	Thomas & Friends - The Great Snow Storm Of Sodor	Thomas & Friends - The Great Snow Storm Of Sodor	0	2015	2015	30	Family								
tt10324338	tvSeries	Le Gros Show	Le Gros Show	0	2015	\N	\N	Talk-Show								
tt10326150	tvSeries	Prokurorskie Proverki	Prokurorskie Proverki	0	2015	2016	\N	\N								
tt10328876	tvSeries	Endurance: South Jordan	Endurance: South Jordan	0	2015	2019	\N	Game-Show	Reality-TV							
tt10331832	tvSeries	Evine	Evine	0	2015	2019	\N	Family								
tt10332966	tvSeries	Vernaculis	Vernaculis	0	2015	\N	\N	News								
tt10333924	tvSeries	Y tú qué harías?	Y tú qué harías?	0	2015	\N	\N	Reality-TV								
tt10334206	tvSeries	Alo Moves	Alo Moves	0	2015	\N	\N	Sport								
tt10336618	tvSeries	Whose Line Is It Anyway (Vietnam Version)	Whose Line is it Anyway Vietnam?	0	2015	2017	90	Comedy	Game-Show	Musical						
tt10340502	tvSeries	Simpallagondu Singing Show	Simpallagondu Singing Show	0	2015	\N	\N	\N								
tt10340680	tvSeries	Sindura Bindu	Sindura Bindu	0	2015	\N	\N	Drama								
tt10340840	tvSeries	Srikaram shubhakaram	Srikaram shubhakaram	0	2015	\N	\N	\N								
tt10350938	tvSeries	Joker	Joker	0	2015	\N	\N	Game-Show								
tt10351402	tvSeries	Sehrin Melekleri	Sehrin Melekleri	0	2015	2015	90	Action	Crime	Drama						
tt10358570	tvSeries	Kitchen Police	Norbert commis d'office	0	2015	\N	60	Comedy	Reality-TV							
tt10361096	tvSeries	Executioner & Friend	Executioner & Friend	1	2015	2015	\N	Adult	Animation	Comedy						
tt10369906	tvSeries	Born to Kibitz with Pet Whisperer to The Stars	Born to Kibitz with Pet Whisperer to The Stars	0	2015	2015	29	Comedy								
tt10373928	tvSeries	Eventyrlig oppussing	Eventyrlig oppussing	0	2015	\N	45	Reality-TV								
tt10375352	tvSeries	Krishan Kanhaiya	Krishan Kanhaiya	0	2015	2015	\N	Comedy								
tt10375362	tvSeries	2025 Jaane Kya Hoga Aagey	2025 Jaane Kya Hoga Aagey	0	2015	2015	\N	Comedy								
tt10375684	tvSeries	Police Factory	Police Factory	0	2015	\N	\N	Comedy								
tt10375744	tvSeries	Chalti Ka Naam Gaadi... Let's Go	Chalti Ka Naam Gaadi... Let's Go	0	2015	\N	\N	Fantasy								
tt10375748	tvSeries	Gopal bhar	Gopal bhar	0	2015	\N	\N	Animation	Comedy	Family						
tt10375750	tvSeries	Lights camera kissey	Lights camera kissey	0	2015	\N	\N	Reality-TV								
tt10375758	tvSeries	Wow weekends	Wow weekends	0	2015	\N	\N	\N								
tt10375770	tvSeries	Hum Aapke Ghar Mein Rehte Hain	Hum Aapke Ghar Mein Rehte Hain	0	2015	2015	\N	Comedy								
tt10380324	tvSeries	Nuke's Top 5	Nuke's Top 5	0	2015	\N	30	Horror	Mystery	Talk-Show						
tt10384484	tvSeries	Bei shang guang bu xiang xin yan lei	Bei shang guang bu xiang xin yan lei	0	2015	2015	\N	Comedy	Drama	Romance						
tt10384490	tvSeries	Mother Like Flowers	Mother Like Flowers	0	2015	2015	\N	Drama								
tt10387860	tvSeries	Un mot peut en cacher un autre	Un mot peut en cacher un autre	0	2015	\N	\N	Game-Show								
tt10402860	tvSeries	Moranbong Club	Moranbong Club	0	2015	2021	\N	Talk-Show								
tt10403242	tvSeries	E How: Dog Training Tips	E How: Dog Training Tips	0	2015	2015	\N	Talk-Show								
tt10403508	tvSeries	Merman Academy	Merman Academy	0	2015	2018	15	Comedy	Fantasy							
tt10404568	tvSeries	Just Write	Just Write	0	2015	\N	\N	Documentary								
tt10405824	tvSeries	Athirshta Lakshmi	Athirshta Lakshmi	0	2015	2018	\N	\N								
tt10405908	tvSeries	Code Red Umeed	Code Red Umeed	0	2015	\N	\N	Crime								
tt10415574	tvSeries	Hell's Kitchen Indonesia	Hell's Kitchen Indonesia	0	2015	2015	\N	Reality-TV								
tt10418336	tvSeries	Tu cara me suena Costa Rica	Tu cara me suena Costa Rica	0	2015	\N	120	Reality-TV								
tt10420184	tvSeries	Éche Así	Éche Así	0	2015	2016	25	Reality-TV								
tt10422208	tvSeries	The Midnight Hour	The Midnight Hour	0	2015	\N	\N	Horror								
tt10422738	tvSeries	+Lucha TV/Produccs Sanchez - Arena Neza 9/16/15	+Lucha TV/Produccs Sanchez - Arena Neza 9/16/15	0	2015	\N	\N	Sport								
tt10422770	tvSeries	+Lucha TV/DTU - De Patria Extrema 9/17/15	+Lucha TV/DTU - De Patria Extrema 9/17/15	0	2015	\N	\N	Sport								
tt10426078	tvSeries	Game of War: Prepare for War	Game of War: Prepare for War	0	2015	\N	\N	Sport								
tt10427082	tvSeries	Yahoo!	Yahoo!	0	2015	\N	\N	News								
tt10427962	tvSeries	One in a Million	One in a Million	0	2015	2017	26	Comedy								
tt10436532	tvSeries	Canal Rugby Club	Canal Rugby Club	0	2015	\N	\N	Sport								
tt10436760	tvSeries	The Morning Mix	The Morning Mix	0	2015	2021	120	Talk-Show								
tt10438040	tvSeries	H.A. Goodman	H.A. Goodman	0	2015	\N	\N	News								
tt10438088	tvSeries	2015-2016 UEFA Champions League	2015-2016 UEFA Champions League	0	2015	2016	\N	Sport								
tt10441504	tvSeries	Ishq-e-Benaam	Ishq-e-Benaam	0	2015	2016	\N	\N								
tt10441568	tvSeries	Maana Ka Gharana	Maana Ka Gharana	0	2015	2016	\N	\N								
tt10441584	tvSeries	Sawaab	Sawaab	0	2015	\N	\N	\N								
tt10441756	tvSeries	Tumhare Siwa	Tumhare Siwa	0	2015	\N	\N	\N								
tt10442036	tvSeries	Blind Covers	Blind Covers	0	2015	\N	\N	Music								
tt10443472	tvSeries	Tere Mere Beech	Tere Mere Beech	0	2015	\N	\N	\N								
tt10443484	tvSeries	Tumhari Natasha	Tumhari Natasha	0	2015	\N	\N	\N								
tt10443486	tvSeries	Dil Ka Kya Rung Karun	Dil Ka Kya Rung Karun	0	2015	\N	\N	\N								
tt10443494	tvSeries	Kitna Satatay Ho	Kitna Satatay Ho	0	2015	\N	\N	\N								
tt10443506	tvSeries	Ek Thi Mishaal	Ek Thi Mishaal	0	2015	\N	\N	\N								
tt10443510	tvSeries	Assi	Assi	0	2015	\N	\N	\N								
tt10443560	tvSeries	Mohabbat Aag Si	Mohabbat Aag Si	0	2015	\N	\N	\N								
tt10443564	tvSeries	Karb	Karb	0	2015	\N	\N	\N								
tt10443592	tvSeries	Kaise Tumse Kahoon	Kaise Tumse Kahoon	0	2015	\N	\N	\N								
tt10443594	tvSeries	Akeli	Akeli	0	2015	\N	\N	\N								
tt10443598	tvSeries	Jugnoo	Jugnoo	0	2015	\N	\N	\N								
tt10443622	tvSeries	Tum Mere Paas Raho	Tum Mere Paas Raho	0	2015	\N	\N	\N								
tt10443632	tvSeries	Preet Na Kariyo Koi	Preet Na Kariyo Koi	0	2015	\N	\N	\N								
tt10443636	tvSeries	Sartaj Mera Tu Raaj Mera	Sartaj Mera Tu Raaj Mera	0	2015	\N	\N	\N								
tt10443644	tvSeries	Mera Dard Na Jane Koi	Mera Dard Na Jane Koi	0	2015	\N	\N	\N								
tt10447374	tvSeries	LunaLove-	LunaLove-	1	2015	\N	\N	Adult								
tt10449498	tvSeries	2015-2016 UEFA Europa League	2015-2016 UEFA Europa League	0	2015	\N	\N	Sport								
tt10450280	tvSeries	Levántate	Levántate	0	2015	2015	200	Game-Show	Music							
tt10452374	tvSeries	IWF Slam	IWF Slam	0	2015	2015	\N	Sport								
tt10453320	tvSeries	2015-2016 Capital One Cup	2015-2016 Capital One Cup	0	2015	2016	\N	Sport								
tt10453764	tvSeries	2015 Under-21 European championship	2015 Under-21 European championship	0	2015	2015	\N	Sport								
tt10453864	tvSeries	AFC Champions League 2015	AFC Champions League 2015	0	2015	2015	\N	Sport								
tt10454188	tvSeries	Premier League Season 2015/2016	Premier League Season 2015/2016	0	2015	2016	\N	Sport								
tt10463610	tvSeries	Os Segredos da Tia Cátia	Os Segredos da Tia Cátia	0	2015	\N	45	Family	Reality-TV							
tt10467764	tvSeries	inD Films Monthly	inD Films Monthly	0	2015	\N	\N	Talk-Show								
tt10468280	tvSeries	Secret Diaries	Secret Diaries	0	2015	2016	\N	Drama								
tt10471066	tvSeries	Blow Bang Girls	Blow Bang Girls	1	2015	\N	\N	Adult								
tt10478276	tvSeries	C'est juste du web	C'est juste du web	0	2015	\N	\N	Talk-Show								
tt10478398	tvSeries	Khonjin House	Khonjin House	0	2015	2021	\N	Animation	Comedy							
tt10482028	tvSeries	Tendance XXI	Tendance XXI	0	2015	\N	26	Documentary	News							
tt10482448	tvSeries	Morar Mundo	Morar Mundo	0	2015	2015	\N	Documentary								
tt10489712	tvSeries	2015-2016 Bundesliga	2015-2016 Bundesliga	0	2015	2016	90	Sport								
tt10489940	tvSeries	Asian Qualifiers: 2018 FIFA World Cup Russia	Asian Qualifiers: 2018 FIFA World Cup Russia	0	2015	2017	90	Sport								
tt10499164	tvSeries	Bare Naked Reviews	Bare Naked Reviews	0	2015	2016	\N	News								
tt10499180	tvSeries	Dreambubble Media News & Events	Dreambubble Media News & Events	0	2015	\N	\N	News								
tt10499374	tvSeries	André Darkholme	André Darkholme	0	2015	\N	10	Reality-TV								
tt10499386	tvSeries	Tommy Bouskins	Tommy Bouskins	0	2015	\N	5	Music								
tt10504942	tvSeries	TVEmos	TVEmos	0	2015	\N	\N	Talk-Show								
tt10509848	tvSeries	Beauty and the Beach	Beauty and the Beach	0	2015	2017	\N	Documentary								
tt10513276	tvSeries	Delivery Solidario	Delivery Solidario	0	2015	2016	\N	Reality-TV								
tt10531738	tvSeries	Creedon's Wild Atlantic Way	Creedon's Wild Atlantic Way	0	2015	2015	\N	Adventure								
tt10533118	tvSeries	Volando voy	Volando voy	0	2015	2023	\N	Adventure	Documentary	Reality-TV						
tt10539436	tvSeries	Survivor Stories	Survivor Stories	0	2015	\N	\N	Documentary								
tt10540128	tvSeries	Anak Jalanan	Anak Jalanan	0	2015	2017	\N	Drama	Romance							
tt10544918	tvSeries	Bana Baba Dedi	Bana Baba Dedi	0	2015	2015	90	Comedy	Family							
tt10549040	tvSeries	Lucky Chow	Lucky Chow	0	2015	\N	\N	Documentary								
tt10549146	tvSeries	Global Health Frontiers	Global Health Frontiers	0	2015	2015	\N	Reality-TV								
tt10549158	tvSeries	Fall in Love with Music	Fall in Love with Music	0	2015	2015	\N	Music								
tt10553914	tvSeries	Brief But Spectacular	Brief But Spectacular	0	2015	\N	\N	Biography	Short							
tt10560752	tvSeries	Rising Star Turkey	Rising Star Turkey	0	2015	2016	120	Game-Show	Music	Reality-TV						
tt10564824	tvSeries	Channel 5 Access	Channel 5 Access	0	2015	\N	2	News								
tt10568888	tvSeries	Uta no prince-sama - Revolutions	Uta no prince-sama - Revolutions	0	2015	2015	24	Musical								
tt10573592	tvSeries	Good Bad or Bad Bad	Good Bad or Bad Bad	0	2015	\N	\N	Comedy	Talk-Show							
tt10580370	tvSeries	Apologia TV	Apologia TV	0	2015	\N	\N	Talk-Show								
tt10584444	tvSeries	The Call of Cthulhu Mystery Program	The Call of Cthulhu Mystery Program	0	2015	\N	\N	Comedy	Horror	Mystery						
tt10588894	tvSeries	Ve Kazanan	Ve Kazanan	0	2015	2015	100	Game-Show	Music	Reality-TV						
tt10595488	tvSeries	Nippon! Rekishi Kantei	Nippon! Rekishi Kantei	0	2015	\N	\N	\N								
tt10602930	tvSeries	Peaking	Peaking	0	2015	\N	\N	Adventure	Sport							
tt10603694	tvSeries	Dance Recall	Dance Recall	0	2015	2016	\N	Music								
tt10608832	tvSeries	2015 AFC Asian Cup	2015 AFC Asian Cup	0	2015	2015	\N	Sport								
tt10612158	tvSeries	Hero Live: The Amazing Trade Shop Math Race	Hero Live: The Amazing Trade Shop Math Race	0	2015	2015	58	History								
tt10613718	tvSeries	2015-2016 Süper Lig	2015-2016 Süper Lig	0	2015	2016	90	Sport								
tt10618852	tvSeries	TIDAL Rising	TIDAL Rising	0	2015	\N	\N	Music								
tt10618950	tvSeries	Bolice	Bolice	0	2015	2017	25	Action	Comedy	Crime						
tt10619556	tvSeries	Wakecation	Wakecation	0	2015	2016	\N	Sport								
tt10619918	tvSeries	Simdi ve Burada	Simdi ve Burada	0	2015	2016	\N	Documentary								
tt10619962	tvSeries	Young & Minted: I Won the Lottery	Young & Minted: I Won the Lottery	0	2015	2015	\N	Documentary								
tt10621338	tvSeries	Jewelry	Jewelry	0	2015	\N	120	Talk-Show								
tt10623586	tvSeries	Keep Your Tips Up	Keep Your Tips Up	0	2015	2017	\N	Sport								
tt10623686	tvSeries	Sparkle in Silver Jewelry	Sparkle in Silver Jewelry	0	2015	\N	120	Talk-Show								
tt10623718	tvSeries	Sterling Moments Jewelry	Sterling Moments Jewelry	0	2015	\N	120	Talk-Show								
tt10629560	tvSeries	Satula	Satula	0	2015	2015	5	Drama								
tt10631742	tvSeries	Ich bin ein Star - Lasst mich wieder rein!	Ich bin ein Star - Lasst mich wieder rein!	0	2015	2015	180	Adventure	Comedy	Reality-TV						
tt10637218	tvSeries	Jaimy Tube/Amyxo	Jaimy Tube/Amyxo	0	2015	\N	\N	\N								
tt10642476	tvSeries	Delicious Love	Masitneun Yeonae	0	2015	2015	16	Comedy	Romance							
tt10646072	tvSeries	Down Days	Down Days	0	2015	\N	\N	Sport								
tt10649098	tvSeries	Sibling Rivalry & Spoiler Corner	Sibling Rivalry & Spoiler Corner	0	2015	\N	30	Comedy								
tt10651184	tvSeries	Welcome to Italy	Welcome to Italy	0	2015	\N	\N	Comedy								
tt10651266	tvSeries	Worldies	Worldies	0	2015	2016	\N	Sport								
tt10655756	tvSeries	International Champions Cup 2015	International Champions Cup 2015	0	2015	2015	\N	Sport								
tt10656944	tvSeries	In House: Road to Volcom Pipe Pro	In House: Road to Volcom Pipe Pro	0	2015	2016	\N	Sport								
tt10666840	tvSeries	Evolution of Evil	Evolution of Evil	0	2015	2015	50	Biography	Documentary	History						
tt10666992	tvSeries	Dare to Love	Gan Ai	0	2015	2015	\N	Drama								
tt10669762	tvSeries	Blind Wave Game Night	Blind Wave Game Night	0	2015	\N	60	Comedy	Game-Show							
tt10680036	tvSeries	Taquaras	 Tambores e Violas	Taquaras	 Tambores e Violas	0	2015	\N	\N	Documentary						
tt10680292	tvSeries	Executives	Executives	0	2015	2016	20	Drama								
tt10680522	tvSeries	Desafío X2 Colombia	Desafío X2 Colombia	0	2015	2015	60	Adventure								
tt10681756	tvSeries	Bay Area Revelations	Bay Area Revelations	0	2015	\N	60	Documentary								
tt10692150	tvSeries	Idol	 Protect the World	Aidol	 Jigureul Jikyeora	0	2015	2015	8	Comedy	Fantasy	Music				
tt10692580	tvSeries	The UK Music Video Chart	The UK Music Video Chart	0	2015	\N	\N	Reality-TV								
tt10692864	tvSeries	UCI Mountain Bike World Cup	UCI Mountain Bike World Cup	0	2015	\N	\N	Sport								
tt10692952	tvSeries	Crankworx FMBA Slopestyle World Championship	Crankworx FMBA Slopestyle World Championship	0	2015	\N	\N	Sport								
tt10697740	tvSeries	Steven Franssen	Steven Franssen	0	2015	\N	\N	News								
tt10712416	tvSeries	L.U.V. Collage	Reobeu Kollaju	0	2015	2015	12	Romance								
tt10712710	tvSeries	Last Kiss	Rasuto Kisu	0	2015	2015	7	Romance								
tt10713806	tvSeries	Red Bull X-Alps	Red Bull X-Alps	0	2015	\N	26	Adventure								
tt10719230	tvSeries	Automasinistas	Automasinistas	0	2015	\N	\N	\N								
tt10720262	tvSeries	Red Bull Airlines	Red Bull Airlines	0	2015	\N	\N	Sport								
tt10722786	tvSeries	Professionals	Professionals	0	2015	2015	\N	Comedy	Short							
tt10723064	tvSeries	Better if You Didn't	Better if You Didn't	0	2015	2016	\N	Comedy	Short							
tt10725898	tvSeries	Näin tehtiin Hullu - hullumpi - yläaste	Näin tehtiin Hullu - hullumpi - yläaste	0	2015	2016	\N	Documentary								
tt10726578	tvSeries	Red Bull Global Rallycross Lites	Red Bull Global Rallycross Lites	0	2015	\N	\N	Sport								
tt10726668	tvSeries	Red Bull King of the Air	Red Bull King of the Air	0	2015	\N	\N	Sport								
tt10727122	tvSeries	Acusados (The Defendants)	Acusados (The Defendants)	0	2015	\N	\N	Crime								
tt10727676	tvSeries	Mattytime	Mattytime	0	2015	\N	\N	Comedy								
tt10728448	tvSeries	Majaribu	Majaribu	0	2015	2016	\N	Drama								
tt10732342	tvSeries	Red Bull Romaniacs	Red Bull Romaniacs	0	2015	\N	\N	Sport								
tt10732392	tvSeries	Red Bull Sea To Sky	Red Bull Sea To Sky	0	2015	\N	\N	Sport								
tt10733186	tvSeries	Naqueles Tempos	Naqueles Tempos	0	2015	2015	\N	Documentary								
tt10738522	tvSeries	Red Bull Art of Motion	Red Bull Art of Motion	0	2015	\N	\N	Sport								
tt10738848	tvSeries	Incorregibles	Incorregibles	0	2015	2015	\N	Comedy								
tt10739350	tvSeries	Lunch Box	Jeomsim Dosilag	0	2015	2015	8	Drama	Romance							
tt10742206	tvSeries	Global News at 11 BC	Global News at 11 BC	0	2015	\N	30	News								
tt10751568	tvSeries	The Study ft. Elliott C. Morgan	The Study ft. Elliott C. Morgan	0	2015	2016	7	Comedy	News							
tt10752534	tvSeries	Simple Session	Simple Session	0	2015	\N	\N	Sport								
tt10752634	tvSeries	Red Bull 111 Megawatt	Red Bull 111 Megawatt	0	2015	\N	\N	Sport								
tt10761474	tvSeries	FTV Freestyle Fridays	FTV Freestyle Fridays	0	2015	\N	\N	Music								
tt10761618	tvSeries	Mr. Glamour	Miseuteo Geullaemeo	0	2015	2015	3	Comedy								
tt10763450	tvSeries	Blind Wave Movie Reviews	Blind Wave Movie Reviews	0	2015	\N	60	Talk-Show								
tt10763968	tvSeries	L'Aria che tira Estate	L'Aria che tira Estate	0	2015	\N	\N	Talk-Show								
tt10764000	tvSeries	DVA3	DVA3	0	2015	\N	\N	Family	Talk-Show							
tt10764194	tvSeries	Quest	Quest	0	2015	2016	\N	Documentary								
tt10765662	tvSeries	21 gradi	21 gradi	0	2015	2015	\N	Comedy								
tt10765760	tvSeries	Foodie Call with Justin Warner	Foodie Call with Justin Warner	0	2015	2016	\N	Talk-Show								
tt10769790	tvSeries	Cricket's Greatest	Cricket's Greatest	0	2015	2015	26	Documentary	Sport							
tt10776644	tvSeries	Distrito Cultural	Distrito Cultural	0	2015	\N	15	Documentary								
tt10777692	tvSeries	Chamki Ki Duniya	Chamki Ki Duniya	0	2015	2016	\N	Comedy								
tt10777718	tvSeries	Only Boy	Onniboi	0	2015	2015	7	Comedy								
tt10779816	tvSeries	Raya znaet	Raya znaet	0	2015	2015	45	Comedy	Mystery							
tt10783536	tvSeries	Let's talk. Weil Meinung zählt!	Let's talk. Weil Meinung zählt!	0	2015	2017	24	Family	Talk-Show							
tt10783986	tvSeries	Gozar Az Ranjha	Gozar Az Ranjha	0	2015	2015	\N	Drama								
tt10792576	tvSeries	Ask Hatter & Hare	Ask Hatter & Hare	0	2015	2016	\N	Comedy								
tt10792770	tvSeries	Blind Wave Plays Video Games	Blind Wave Plays Video Games	0	2015	\N	\N	Comedy								
tt10799974	tvSeries	Deidox Documentaries	Deidox Documentaries	0	2015	\N	\N	Short								
tt10800610	tvSeries	Try Hards	Try Hards	0	2015	2015	\N	Comedy								
tt10804196	tvSeries	Fitz	Fitz	0	2015	\N	\N	Comedy								
tt10804430	tvSeries	Lili & Lola	Lili & Lola	0	2015	\N	\N	Animation								
tt10805524	tvSeries	Thomas DeLauer	Thomas DeLauer	0	2015	\N	\N	Documentary	News							
tt10808518	tvSeries	Epic Mancave Builds	Epic Mancave Builds	0	2015	2015	42	Reality-TV								
tt10815018	tvSeries	Trashed Summaries	Trashed Summaries	0	2015	2015	\N	Comedy	Short							
tt10820114	tvSeries	Hollywood Hit List	Hollywood Hit List	0	2015	2015	\N	Comedy	Short							
tt10820214	tvSeries	P.I.T. - Paranormal Investigation Team	P.I.T. - Paranormal Investigation Team	0	2015	\N	15	Documentary	Reality-TV							
tt10822432	tvSeries	Web Therapy	Web Therapy	0	2015	2015	30	Comedy								
tt10828262	tvSeries	Stop	 God Sees	Stop	 God Sees	0	2015	2015	\N	Adventure						
tt10828400	tvSeries	Coconut the Little Dragon	Coconut the Little Dragon	0	2015	\N	\N	Animation								
tt10838650	tvSeries	Start Love	Seutateu Reobeu	0	2015	2015	10	Comedy	Romance							
tt10838688	tvSeries	World Cup 2018 Qualifying of South America	World Cup 2018 Qualifying of South America	0	2015	2017	\N	Sport								
tt10839330	tvSeries	English Premier League 2015/2016	English Premier League 2015/2016	0	2015	2016	\N	Sport								
tt10839488	tvSeries	England FA Cup 2015/2016	England FA Cup 2015/2016	0	2015	2016	\N	Sport								
tt10839498	tvSeries	England League Cup 2015/2016	England League Cup 2015/2016	0	2015	2016	\N	Sport								
tt10841372	tvSeries	Ascension Presents	Ascension Presents	0	2015	\N	\N	News	Talk-Show							
tt10844106	tvSeries	Summer Love	Sseommeo Leobeu	0	2015	2015	5	Comedy	Romance							
tt10845416	tvSeries	Magic Bottle	Yosulbyeong	0	2015	2015	8	Comedy	Fantasy	Romance						
tt10848032	tvSeries	Tada Tv	Tada Tv	0	2015	2017	5	Adventure	Family	History						
tt10850616	tvSeries	Histoires d'arbres	Histoires d'arbres	0	2015	\N	\N	Documentary								
tt10853806	tvSeries	Dispossess	Dispossess	0	2015	2017	\N	Comedy								
tt10855906	tvSeries	Michelle Chalfant	Michelle Chalfant	0	2015	\N	\N	News								
tt10856612	tvSeries	Dumb Self	Dumb Self	0	2015	2016	5	Comedy								
tt10858890	tvSeries	Mujhe Kuch Kehna Hai	Mujhe Kuch Kehna Hai	0	2015	\N	\N	Drama	Family	Romance						
tt10858986	tvSeries	Ali Ki Ammi	Ali Ki Ammi	0	2015	2016	\N	Drama	Family							
tt10863446	tvSeries	Varamummo	Varamummo	0	2015	2015	\N	Family								
tt10864152	tvSeries	The Best of Us	The Best of Us	0	2015	2017	\N	Animation								
tt10865088	tvSeries	Characters (Monologue)	Characters (Monologue)	0	2015	\N	\N	\N								
tt10876132	tvSeries	Le Relooking Mythologique	Le Relooking Mythologique	0	2015	\N	\N	History								
tt10876150	tvSeries	Une ville au détail	Une ville au détail	0	2015	\N	\N	Documentary								
tt10876178	tvSeries	Tu vois le tableau	Tu vois le tableau	0	2015	\N	\N	Documentary								
tt10881120	tvSeries	Vicky Aur Vetaal	Vicky Aur Vetaal	0	2015	2016	\N	Comedy	Family							
tt10881282	tvSeries	#NoFilter with Zack Peter	#NoFilter with Zack Peter	0	2015	\N	30	Talk-Show								
tt10881506	tvSeries	All About Me	Se dice de mí	0	2015	\N	\N	Documentary								
tt10891066	tvSeries	Lage Raho Chachu	Lage Raho Chachu	0	2015	2015	\N	Comedy	Family							
tt10898378	tvSeries	Cronache dall'antichità	Cronache dall'antichità	0	2015	\N	\N	Documentary								
tt10905950	tvSeries	Sixteen	Sixteen	0	2015	2015	\N	Drama	Music	Reality-TV						
tt10910434	tvSeries	Tus tierras	 tus derechos	Tus tierras	 tus derechos	0	2015	2016	\N	Documentary						
tt10911704	tvSeries	Real Talk w/Terry	Real Talk w/Terry	0	2015	\N	27	Talk-Show								
tt10914156	tvSeries	Last Game	Akharin Bazi	0	2015	2015	\N	Comedy								
tt10919030	tvSeries	Minuto para ganar Kids	Minuto para ganar Kids	0	2015	2015	\N	Game-Show								
tt10921336	tvSeries	Mundillo	Mundillo	0	2015	2015	\N	Comedy								
tt10922022	tvSeries	Comedy Sex Show	Comedy Sex Show	0	2015	\N	\N	Talk-Show								
tt10928084	tvSeries	Papo de Segunda	Papo de Segunda	0	2015	\N	\N	Talk-Show								
tt10938572	tvSeries	America's Got Talent 2015 Auditions 7	America's Got Talent 2015 Auditions 7	0	2015	\N	\N	Reality-TV								
tt10940676	tvSeries	CinemaWins	CinemaWins	0	2015	\N	\N	Comedy								
tt10941264	tvSeries	Escenas de Matrimonio (Ecuador)	Escenas de Matrimonio (Ecuador)	0	2015	2016	45	Family								
tt10941722	tvSeries	Urban Faces	Urban Faces	0	2015	2015	23	Drama								
tt10944746	tvSeries	Raffles Revealed	Raffles Revealed	0	2015	2015	\N	History								
tt10949436	tvSeries	Oto and Music	Oto and Music	0	2015	2015	\N	Animation								
tt10971018	tvSeries	Cooking with Carlina	Cooking with Carlina	0	2015	\N	\N	Talk-Show								
tt10974488	tvSeries	Na Corrida	Na Corrida	0	2015	2017	\N	Reality-TV								
tt10979524	tvSeries	Retro-Spielen with Chris Huelsbeck & Audi	Retro-Spielen with Chris Huelsbeck & Audi	0	2015	\N	90	Game-Show	Talk-Show							
tt10983524	tvSeries	Bonnie-Stylez	Bonnie-Stylez	1	2015	\N	\N	Adult								
tt10995120	tvSeries	Preman Pensiun	Preman Pensiun	0	2015	2023	\N	Comedy	Drama							
tt11000430	tvSeries	We Are All Stories	We Are All Stories	0	2015	2015	\N	Sport								
tt11009600	tvSeries	A Day In The Life	A Day In The Life	0	2015	\N	\N	Music								
tt11018396	tvSeries	Hotte	Hotte	0	2015	2016	\N	Comedy								
tt11021960	tvSeries	Zero Control	Zero Control	0	2015	\N	60	Comedy	News	Talk-Show						
tt11026978	tvSeries	Las Reglas del Nuevo Mundo	Las Reglas del Nuevo Mundo	0	2015	\N	\N	Sci-Fi								
tt11028500	tvSeries	Rachel Hunter's Tour of Beauty	Rachel Hunter's Tour of Beauty	0	2015	2017	\N	Reality-TV								
tt11050862	tvSeries	Dance Dance Dance	Dance Dance Dance	0	2015	\N	\N	Reality-TV								
tt11064480	tvSeries	Everybody Dance!	Everybody Dance!	0	2015	\N	\N	Reality-TV								
tt11066358	tvSeries	BrushPile Fishing	BrushPile Fishing	0	2015	\N	\N	Reality-TV								
tt11070036	tvSeries	Kaanch Ki Guriya	Kaanch Ki Guriya	0	2015	2015	\N	Drama	Family	Romance						
tt11070216	tvSeries	Dirin Dirin	Dirin Dirin	0	2015	\N	\N	Animation	Comedy							
tt11087900	tvSeries	Vintage Hunter (Season 3)	Vintage Hunter (Season 3)	0	2015	2015	\N	Documentary								
tt11097388	tvSeries	On the Spot: Around the World in 9 Months	On the Spot: Around the World in 9 Months	0	2015	2016	52	Documentary								
tt11099722	tvSeries	Secret Spot	Secret Spot	0	2015	\N	\N	Comedy								
tt11103122	tvSeries	Wir Kinder aus dem Möwenweg	Wir Kinder aus dem Möwenweg	0	2015	2017	12	Family								
tt11104688	tvSeries	BR Geschichte(n)	BR Geschichte(n)	0	2015	\N	30	Talk-Show								
tt11110994	tvSeries	Cantik Detektif	Cantik Detektif	0	2015	\N	44	Reality-TV								
tt11116156	tvSeries	Red Autumn	Red Autumn	0	2015	2015	\N	Comedy	Short							
tt11120446	tvSeries	Lueat Tat Lueat	Lueat Tat Lueat	0	2015	2015	90	Romance								
tt11128176	tvSeries	Turma da Mônica Jovem	Turma da Mônica Jovem	0	2015	2022	\N	Adventure	Animation	Comedy						
tt11141738	tvSeries	I Remember Everything	Ya vse pomnyu	0	2015	2017	\N	Crime	Romance							
tt11142204	tvSeries	Come Here and Say That	Come Here and Say That	0	2015	2015	\N	Comedy	Talk-Show							
tt11142970	tvSeries	Explore Smithsonian	Explore Smithsonian	0	2015	\N	\N	Documentary	Short							
tt11143180	tvSeries	6T4bites	6T4bites	0	2015	2017	180	Talk-Show								
tt11150746	tvSeries	The Bachelor 19	The Bachelor 19	0	2015	2015	\N	\N								
tt11150812	tvSeries	The Bachelorette 11	The Bachelorette 11	0	2015	2015	\N	\N								
tt11151628	tvSeries	Anti Japanese Hero Qi Ji Guang	Kang wo ying xiong Qi Ji Guang	0	2015	2015	45	Biography	Drama	History						
tt11151824	tvSeries	Odprti oddelek	Odprti oddelek	0	2015	2016	30	Comedy								
tt11158342	tvSeries	Bachelor	Bachelor	0	2015	\N	45	Reality-TV								
tt11162188	tvSeries	TED - Compartilhando Ideias	TED - Compartilhando Ideias	0	2015	\N	26	Talk-Show								
tt11163128	tvSeries	Innovadores	Innovadores	0	2015	2015	28	Documentary								
tt11163272	tvSeries	Ser vial	Ser vial	0	2015	2015	28	Documentary								
tt11166992	tvSeries	Adventures of Songhammer	Adventures of Songhammer	0	2015	2018	\N	Music								
tt11167246	tvSeries	Brick City News	Brick City News	0	2015	\N	\N	Talk-Show								
tt11167700	tvSeries	The Limits	Porogi	0	2015	2017	\N	Drama								
tt11169678	tvSeries	Playing Portraits	Playing Portraits	0	2015	\N	\N	Music								
tt11173172	tvSeries	Meisterschmiede	Meisterschmiede	0	2015	\N	\N	\N								
tt11173454	tvSeries	Ayeye	Ayeye	0	2015	2015	\N	Comedy	Drama							
tt11197864	tvSeries	México Diseña: El Combate by ELLE	México Diseña: El Combate by ELLE	0	2015	2015	\N	Reality-TV								
tt11198214	tvSeries	Ready for Takeoff	Ready for Takeoff	0	2015	2016	\N	Documentary								
tt11202076	tvSeries	TheTekkitRealm	TheTekkitRealm	0	2015	\N	\N	Comedy	Talk-Show							
tt11209770	tvSeries	Venom Manor	Venom Manor	0	2015	\N	20	Comedy								
tt11216772	tvSeries	Borgias	Borgias	0	2015	\N	\N	\N								
tt11224698	tvSeries	The Late Late Show (with guest hosts)	The Late Late Show (with guest hosts)	0	2015	2015	\N	Talk-Show								
tt11230248	tvSeries	Adevaruri despre trecut	Adevaruri despre trecut	0	2015	\N	25	Documentary								
tt11231092	tvSeries	Sinterklaasjournaal Oisterwijk 2015	Sinterklaasjournaal Oisterwijk 2015	0	2015	2015	\N	Drama								
tt11231322	tvSeries	Tarits Achora - Rewind	Tarits Achora - Rewind	0	2015	2016	\N	Comedy								
tt11235846	tvSeries	Wired Data Attack	Wired Data Attack	0	2015	\N	\N	Short								
tt11236122	tvSeries	Super Space Chick	Super Space Chick	0	2015	\N	\N	Reality-TV								
tt11237844	tvSeries	Québec Productions	Québec Productions	1	2015	\N	\N	Adult								
tt11241858	tvSeries	Crvena linija	Crvena linija	0	2015	\N	50	News	Talk-Show							
tt11243582	tvSeries	Desnudando la Noticia	Desnudando la Noticia	0	2015	2017	\N	News								
tt11243830	tvSeries	The Stupendous Drew Pendous & His Mighty Penultimate!	The Stupendous Drew Pendous & His Mighty Penultimate!	0	2015	\N	\N	\N								
tt11251102	tvSeries	Resenhas do RN	Resenhas do RN	0	2015	\N	\N	Documentary								
tt11251692	tvSeries	Jeem Jawab	Jeem Jawab	0	2015	\N	\N	Family								
tt11256072	tvSeries	The Flava Zone	The Flava Zone	0	2015	\N	\N	\N								
tt11268204	tvSeries	G-Fighters	G-Fighters	0	2015	2016	\N	Comedy								
tt11270926	tvSeries	Teens	Teens	0	2015	2015	\N	Documentary								
tt11273628	tvSeries	Bad Prop Choices	Bad Prop Choices	0	2015	2018	\N	Comedy								
tt11274590	tvSeries	L'Italie entre ciel et mer	L'Italie entre ciel et mer	0	2015	\N	\N	Documentary								
tt11274816	tvSeries	Sous les pavés de...	Sous les pavés de...	0	2015	\N	\N	Documentary								
tt11274918	tvSeries	Burgers' Zoo: Drukte in de dierentuin	Burgers' Zoo: Drukte in de dierentuin	0	2015	\N	\N	Documentary								
tt11274976	tvSeries	Jardin extraordinaire	Jardin extraordinaire	0	2015	\N	\N	Documentary								
tt11280706	tvSeries	Young Carers	Young Carers	0	2015	2015	\N	Documentary								
tt11281188	tvSeries	In Bed with Jamie	In Bed with Jamie	0	2015	2017	\N	Talk-Show								
tt11281248	tvSeries	Helden van Hier: Door het Vuur	Helden van Hier: Door het Vuur	0	2015	2017	\N	Reality-TV								
tt11284578	tvSeries	Buddhism Hotline	Buddhism Hotline	0	2015	\N	120	Comedy								
tt11285524	tvSeries	2015-2016 TFF 1. Lig	2015-2016 TFF 1. Lig	0	2015	2016	\N	Sport								
tt11286122	tvSeries	Door Kinare Milte Hain	Door Kinare Milte Hain	0	2015	2016	\N	Drama								
tt11290468	tvSeries	Hopefuls	Hopefuls	0	2015	\N	\N	Comedy								
tt11290638	tvSeries	Talk Show 1.0 (aka Launchpad)	Talk Show 1.0 (aka Launchpad)	0	2015	\N	30	Talk-Show								
tt11294264	tvSeries	Összezárva Friderikusszal	Összezárva Friderikusszal	0	2015	\N	50	Reality-TV	Talk-Show							
tt11311628	tvSeries	Jared Halley	Jared Halley	0	2015	\N	\N	Comedy	Music							
tt11312404	tvSeries	Sky Thoroughbred Central	Sky Thoroughbred Central	0	2015	\N	\N	News	Reality-TV	Sport						
tt11312614	tvSeries	The Ali H	The Ali H	0	2015	\N	20	Adventure	Comedy	Horror						
tt11315996	tvSeries	Bundesliga on FOX	Bundesliga on FOX	0	2015	\N	120	\N								
tt11316406	tvSeries	Big Brother Minecraft	Big Brother Minecraft	0	2015	\N	\N	Reality-TV								
tt11321152	tvSeries	Prathamesh Kulkarni	Prathamesh Kulkarni	0	2015	2015	42	Talk-Show								
tt11323968	tvSeries	L'espace d'une chanson	L'espace d'une chanson	0	2015	2016	23	Documentary								
tt11325376	tvSeries	Wir sind Deutschland	Wir sind Deutschland	0	2015	2017	90	Reality-TV								
tt11328606	tvSeries	Prathamesh Kulkarni	Prathamesh Kulkarni	0	2015	2015	42	Talk-Show								
tt11328674	tvSeries	Sandalina E Cafe	Sandalina E Cafe	0	2015	\N	\N	News								
tt11329358	tvSeries	Vampire Holmes	Vampire Holmes	0	2015	2015	3	Animation	Comedy	Mystery						
tt11331698	tvSeries	Ase He Kanyadan	Ase He Kanyadan	0	2015	2015	22	Drama								
tt11331956	tvSeries	The Bonfire w/ Big Jay Oakerson & Dan Soder	The Bonfire w/ Big Jay Oakerson & Dan Soder	0	2015	\N	\N	Comedy	Talk-Show							
tt11332446	tvSeries	Morning Show (Jovem Pan)	Morning Show (Jovem Pan)	0	2015	\N	\N	Talk-Show								
tt11333492	tvSeries	Soundtrack Zuid-Afrika	Soundtrack Zuid-Afrika	0	2015	2015	\N	Documentary								
tt11336518	tvSeries	3WE: Behind the Scenes	3WE: Behind the Scenes	0	2015	\N	3	Comedy								
tt11344268	tvSeries	Catering Circle	Catering Circle	0	2015	\N	\N	Game-Show								
tt11347886	tvSeries	Faithlife Today	Faithlife Today	0	2015	\N	\N	Talk-Show								
tt11348900	tvSeries	Rumm Pumm Po	Rumm Pumm Po	0	2015	\N	\N	Comedy	Romance							
tt11349022	tvSeries	Peterson Hill	Peterson Hill	0	2015	2015	\N	Drama								
tt11350014	tvSeries	Got Talent Portugal	Got Talent Portugal	0	2015	\N	\N	Game-Show								
tt11355568	tvSeries	BAK	BAK	0	2015	2015	\N	Thriller								
tt11362878	tvSeries	Father Spitzer's Universe	Father Spitzer's Universe	0	2015	\N	15	Talk-Show								
tt11368680	tvSeries	Ted and Johnny	Ted and Johnny	0	2015	2015	6	Comedy								
tt11374398	tvSeries	Elton John Live at Eden	Elton John Live at Eden	0	2015	\N	58	Music								
tt11377036	tvSeries	Ma mère cuisine mieux que la tienne!	Ma mère cuisine mieux que la tienne!	0	2015	2015	\N	Reality-TV								
tt11390330	tvSeries	Fish 'N Chips	Fish 'N Chips	0	2015	\N	\N	Animation	Family							
tt11398234	tvSeries	Popster!	Popster!	0	2015	2015	\N	Game-Show								
tt11412360	tvSeries	Carlo's TV Café	Carlo's TV Café	0	2015	2017	\N	Talk-Show								
tt11416602	tvSeries	Podium Witteman	Podium Witteman	0	2015	2022	60	Music								
tt11427850	tvSeries	#Hashtag	#Hashtag	0	2015	2016	\N	Talk-Show								
tt11428446	tvSeries	Tales of Eve: Thanks for Coming	Tales of Eve: Thanks for Coming	0	2015	2015	\N	Drama								
tt11431448	tvSeries	L.I. and Order	L.I. and Order	0	2015	2015	7	Comedy								
tt11433024	tvSeries	Citizen Vrooman	Citizen Vrooman	0	2015	2015	\N	Comedy								
tt11437074	tvSeries	Nation's courage	Nation's courage	0	2015	\N	50	Documentary								
tt11443720	tvSeries	Tian tian qi meng zi	Tian tian qi meng zi	0	2015	2015	4	Adventure	Comedy	Horror						
tt11457016	tvSeries	Goyenda Ginni	Goyenda Ginni	0	2015	2016	\N	Thriller								
tt11457552	tvSeries	Soy Cámara 48. Universitas	Soy Cámara 48. Universitas	0	2015	\N	27	Documentary								
tt11484544	tvSeries	Fonika mystika	Fonika mystika	0	2015	2015	\N	Crime	Reality-TV							
tt11489168	tvSeries	En Güzel Rotalar	En Güzel Rotalar	0	2015	2015	\N	Reality-TV								
tt11492124	tvSeries	CBBC Official Chart Show	CBBC Official Chart Show	0	2015	2017	28	Family	Music							
tt11495326	tvSeries	Giorgio Grandi	Giorgio Grandi	1	2015	\N	\N	Adult								
tt11497570	tvSeries	18 Kids and Counting	18 Kids and Counting	0	2015	2015	60	Documentary								
tt11505348	tvSeries	Bergweihnacht	Bergweihnacht	0	2015	\N	\N	Music								
tt11506750	tvSeries	RusAme	RusAme	0	2015	2016	\N	Reality-TV								
tt11507142	tvSeries	When I Met a Celebrity	When I Met a Celebrity	0	2015	\N	\N	Short								
tt11510140	tvSeries	Debate Fútbol	Debate Fútbol	0	2015	2015	\N	Sport	Talk-Show							
tt11511334	tvSeries	Problematic Men	Problematic Men	0	2015	\N	75	Game-Show	Talk-Show							
tt11512388	tvSeries	The Godfrey Complex	The Godfrey Complex	0	2015	\N	\N	Comedy								
tt11512446	tvSeries	Scrap Kings	Scrap Kings	0	2015	\N	\N	Reality-TV								
tt11514686	tvSeries	Bertrands metode	Bertrands metode	0	2015	2015	\N	Reality-TV								
tt11516630	tvSeries	ParashockX	ParashockX	0	2015	\N	\N	Comedy								
tt11518976	tvSeries	Community Connection	Community Connection	0	2015	2017	\N	News								
tt11528362	tvSeries	Sloiki	Sloiki	0	2015	2015	44	Drama								
tt11528730	tvSeries	Pauls Puber Kookshow	Pauls Puber Kookshow	0	2015	2016	50	\N								
tt11541930	tvSeries	To teleftaio kolpo	To teleftaio kolpo	0	2015	2017	\N	Comedy	Crime							
tt11542624	tvSeries	Talking Tom and Friends Minis	Talking Tom and Friends Minis	0	2015	2018	4	Action	Animation	Comedy						
tt11546646	tvSeries	Sportclub Story	Sportclub Story	0	2015	\N	30	Documentary	Sport							
tt11551166	tvSeries	Vikend paket	Vikend paket	0	2015	\N	\N	Talk-Show								
tt11561394	tvSeries	Let's Get Fat	Let's Get Fat	0	2015	2016	\N	Reality-TV								
tt11566150	tvSeries	Apuesta extrema	Apuesta extrema	0	2015	2015	\N	Reality-TV								
tt11567690	tvSeries	Cyberstars	Cyberstars	0	2015	\N	\N	Comedy	Family							
tt11576132	tvSeries	Superhospital	Superhospital	0	2015	2015	60	Documentary								
tt11579204	tvSeries	Saúde à Vontade	Saúde à Vontade	0	2015	2015	\N	Family								
tt11581050	tvSeries	Café con Chisme	Café con Chisme	0	2015	\N	\N	News								
tt11581110	tvSeries	The Gift of Life	The Gift of Life	0	2015	2015	45	Documentary								
tt11581426	tvSeries	Social Esporte Clube	Social Esporte Clube	0	2015	2018	\N	Documentary	Sport							
tt11581698	tvSeries	Parole	Parole	0	2015	2016	180	\N								
tt11583514	tvSeries	Day in the Life - Fighter	Day in the Life - Fighter	0	2015	2015	22	Documentary	Sport							
tt11583900	tvSeries	Cartas de Corazon	Cartas de Corazon	0	2015	2017	\N	Drama								
tt11600426	tvSeries	autorevue.tv	autorevue.tv	0	2015	2017	23	Talk-Show								
tt11611170	tvSeries	Dibble Vlogs	Dibble Vlogs	0	2015	\N	\N	Reality-TV								
tt11622182	tvSeries	Gekijorei karano Syotaijo	Gekijorei karano Syotaijo	0	2015	2015	\N	Horror								
tt11623720	tvSeries	Uncommon Grounds	Uncommon Grounds	0	2015	\N	\N	\N								
tt11629114	tvSeries	Taco Tube Animations	Taco Tube Animations	0	2015	2020	\N	Animation	Comedy							
tt11634098	tvSeries	Nicholas	Nicholas	0	2015	\N	\N	Reality-TV								
tt11640272	tvSeries	The Secret History of the British Garden	The Secret History of the British Garden	0	2015	2015	59	History								
tt11643810	tvSeries	Rencontres	Rencontres	0	2015	\N	28	Talk-Show								
tt11645366	tvSeries	Star Wars Explained	Star Wars Explained	0	2015	\N	\N	Talk-Show								
tt11656672	tvSeries	Garo: Gold Storm Sho	Garo: Gold Storm Sho	0	2015	\N	25	Action	Drama	Fantasy						
tt11660762	tvSeries	Rising Stars	Rising Stars	0	2015	2015	\N	Documentary	Sport							
tt11661830	tvSeries	Múslimarnir okkar	Múslimarnir okkar	0	2015	2015	\N	Documentary								
tt11661960	tvSeries	Örir Íslendingar	Örir Íslendingar	0	2015	2015	\N	Documentary								
tt11663058	tvSeries	Corruption	Corruption	0	2015	\N	\N	Action								
tt11664124	tvSeries	Beer Country	Beer Country	0	2015	\N	\N	Reality-TV								
tt11668912	tvSeries	Blind Wave: Sword Art Online Abridged Reaction	Blind Wave: Sword Art Online Abridged Reaction	0	2015	2016	20	Talk-Show								
tt11669950	tvSeries	Wild Yellowstone	Wild Yellowstone	0	2015	2020	44	Documentary								
tt11679200	tvSeries	Blind Wave: Death Battle Reaction	Blind Wave: Death Battle Reaction	0	2015	2016	25	Talk-Show								
tt11680976	tvSeries	Mental Massage	Mental Massage	0	2015	\N	\N	Short								
tt11686566	tvSeries	Ishqaway	Ishqaway	0	2015	2015	\N	Drama	Romance							
tt11695516	tvSeries	Giorgio's Lab	Giorgio's Lab	1	2015	\N	\N	Adult								
tt11697930	tvSeries	Asbjørns Julekalender	Asbjørns Julekalender	0	2015	\N	\N	Talk-Show								
tt11699718	tvSeries	Monster Croc Invasion	Monster Croc Invasion	0	2015	2015	\N	Adventure								
tt11702022	tvSeries	Mia Khalifa	Mia Khalifa	1	2015	2016	\N	Adult								
tt11702478	tvSeries	Little Heroes	Little Heroes	0	2015	2017	\N	Action	Adventure	Comedy						
tt11702526	tvSeries	Adventure Kids	Adventure Kids	0	2015	2016	\N	Action	Adventure	Comedy						
tt11703914	tvSeries	Tarra White	Tarra White	1	2015	2015	\N	Adult								
tt11704326	tvSeries	Luad Mungkorn	Luad Mungkorn	0	2015	2015	\N	Drama								
tt11708240	tvSeries	Celebrity Storage Hunters	Celebrity Storage Hunters	0	2015	2016	45	Reality-TV								
tt11712722	tvSeries	Siu hung	Siu hung	0	2015	2015	42	Drama								
tt11716814	tvSeries	Educador Nota 10	Educador Nota 10	0	2015	\N	\N	Documentary								
tt11717996	tvSeries	My Wife Is My Pornstar	My Wife Is My Pornstar	1	2015	2018	\N	Adult	Romance							
tt11723566	tvSeries	Bommetje!	Bommetje!	0	2015	\N	50	Game-Show								
tt11724248	tvSeries	Wish Upon the Pleiades	Houkago no Pleiades	0	2015	2015	23	Animation	Fantasy	Sci-Fi						
tt11725820	tvSeries	Agatka	Agatka	0	2015	\N	\N	Animation								
tt11728064	tvSeries	Polaris Pro 2	Polaris Pro 2	0	2015	2015	\N	Sport								
tt11728884	tvSeries	Palco SC	Palco SC	0	2015	2018	\N	Music	Talk-Show							
tt11729948	tvSeries	Doamayger-D	Doamayger-D	0	2015	2015	\N	Animation								
tt11733278	tvSeries	Chaos Caught on Camera	Chaos Caught on Camera	0	2015	2015	\N	Documentary								
tt11733476	tvSeries	The Hero of the Day	The Hero of the Day	0	2015	\N	\N	Game-Show	Talk-Show							
tt11735890	tvSeries	Venus Project - Climax	Venus Project - Climax	0	2015	2015	\N	Action	Animation	Music						
tt11737172	tvSeries	Visionaries	Visionaries	0	2015	2016	8	Documentary								
tt11737774	tvSeries	The Rise of the Villains	The Rise of the Villains	0	2015	2022	\N	Thriller								
tt11740468	tvSeries	Buenas Compañías	Buenas Compañías	0	2015	2019	23	Comedy								
tt11752978	tvSeries	Minecraft Roommates	Minecraft Roommates	0	2015	2017	\N	Comedy								
tt11753752	tvSeries	The (Sur)Real World of Any Malu	O (Sur)real Mundo de Any Malu	0	2015	\N	\N	Animation								
tt11765826	tvSeries	The Robert Storms Show	The Robert Storms Show	0	2015	\N	\N	Talk-Show								
tt11770700	tvSeries	Punpun	Punpun	0	2015	2016	\N	Reality-TV								
tt11777962	tvSeries	Ginas show	Ginas show	0	2015	2015	30	Comedy								
tt11778176	tvSeries	The Switch Drag Race	The Switch Drag Race	0	2015	2018	90	Game-Show	Reality-TV							
tt11785672	tvSeries	Blind Wave: Arrow Reaction	Blind Wave: Arrow Reaction	0	2015	2020	40	Talk-Show								
tt11785974	tvSeries	MI Healthy Mind	MI Healthy Mind	0	2015	\N	28	Talk-Show								
tt11790114	tvSeries	The Voice Angola	The Voice Angola	0	2015	2016	\N	Music								
tt11790136	tvSeries	Big Brother South Africa	Big Brother South Africa	0	2015	2015	\N	Reality-TV								
tt11790662	tvSeries	ASMR2n4	ASMR2n4	0	2015	\N	\N	Short								
tt11797684	tvSeries	Blind Wave: Epic Rap Battles of History Reaction	Blind Wave: Epic Rap Battles of History Reaction	0	2015	2016	10	Talk-Show								
tt11799458	tvSeries	D. James Kennedy Ministries Presents: Truths That Transform	D. James Kennedy Ministries Presents: Truths That Transform	0	2015	\N	\N	Family	Talk-Show							
tt11800492	tvSeries	The Promise	The Promise	0	2015	2015	\N	\N								
tt11802906	tvSeries	Carpe diem	Carpe diem	0	2015	2017	\N	Biography								
tt11808320	tvSeries	SEC Rewind	SEC Rewind	0	2015	2016	\N	Sport								
tt11814166	tvSeries	USA Track & Field - The Pursuit	USA Track & Field - The Pursuit	0	2015	2015	\N	Sport								
tt11815494	tvSeries	Datoen	Datoen	0	2015	\N	\N	Talk-Show								
tt11821118	tvSeries	Son of wolverine and storm	Son of wolverine and storm	0	2015	\N	\N	Sci-Fi								
tt11822178	tvSeries	I Larsens leilighet	I Larsens leilighet	0	2015	\N	\N	Talk-Show								
tt11822430	tvSeries	The Modern Mensch with Martin Mendelstein	The Modern Mensch with Martin Mendelstein	0	2015	\N	\N	Comedy								
tt11826258	tvSeries	Frontline - Terror in Little Saigon	Frontline - Terror in Little Saigon	0	2015	2015	54	Documentary								
tt11835536	tvSeries	Believe It or Not	Believe It or Not	0	2015	2016	\N	Game-Show								
tt11840070	tvSeries	Blind Wave: Honest Trailers Reaction	Blind Wave: Honest Trailers Reaction	0	2015	2016	10	Talk-Show								
tt11844982	tvSeries	Blind Wave	Blind Wave	0	2015	\N	10	Talk-Show								
tt11845282	tvSeries	Singalong for Seniors	Singalong for Seniors	0	2015	\N	\N	Musical								
tt11845326	tvSeries	Discussion Starters for Seniors	Discussion Starters for Seniors	0	2015	\N	\N	Talk-Show								
tt11845528	tvSeries	Sensory Stimulation for Seniors	Sensory Stimulation for Seniors	0	2015	\N	\N	Documentary								
tt11846208	tvSeries	Call Me Katie	Call Me Katie	0	2015	2015	\N	Comedy	Drama	Romance						
tt11847718	tvSeries	It's Love!	It's Love!	0	2015	\N	\N	Comedy								
tt11848864	tvSeries	Fucking Fornuftig	Fucking Fornuftig	0	2015	2015	\N	Comedy								
tt11853284	tvSeries	Ireland Boys Prouductions	Ireland Boys Prouductions	0	2015	\N	\N	Comedy								
tt11857920	tvSeries	Comedy Nights Bachao	Comedy Nights Bachao	0	2015	2016	45	Comedy								
tt11866010	tvSeries	Pokemon Snakewood	Pokemon Snakewood	0	2015	2015	\N	Action	Adventure	Horror						
tt11879244	tvSeries	NakeyJakey	NakeyJakey	0	2015	\N	\N	Comedy	Talk-Show							
tt11880508	tvSeries	Outback ER	Outback ER	0	2015	2015	30	Reality-TV								
tt11884044	tvSeries	Fuzzy Puppet	The Fuzzy Puppet Show	0	2015	\N	\N	Family								
tt11885350	tvSeries	The Fuzzy Puppet Show	The Fuzzy Puppet Show	0	2015	\N	\N	Family								
tt11891734	tvSeries	Baby Animals	Baby Animals	0	2015	2016	\N	Family								
tt11892166	tvSeries	Tec Arte	Tec Arte	0	2015	2016	\N	Documentary								
tt11893436	tvSeries	Matkontrollen	Matkontrollen	0	2015	\N	23	Documentary								
tt11898054	tvSeries	The Nicholas J. Fuentes Show	The Nicholas J. Fuentes Show	0	2015	\N	\N	News								
tt11911788	tvSeries	The Bollywood Roundtable	The Bollywood Roundtable	0	2015	\N	\N	Talk-Show								
tt11917492	tvSeries	Most Iconic: Dongguan's Agarwood	Most Iconic: Dongguan's Agarwood	0	2015	2016	\N	Documentary								
tt11921576	tvSeries	Kylie Cole	Kylie Cole	0	2015	\N	\N	Short								
tt11924044	tvSeries	Blind Wave: RWBY Reaction	Blind Wave: RWBY Reaction	0	2015	\N	25	Talk-Show								
tt11934822	tvSeries	Iron Cage	Iron Cage	0	2015	\N	\N	Sport								
tt11935358	tvSeries	Yek Number	Yek Number	0	2015	2016	\N	\N								
tt11941988	tvSeries	Battle Spirits: Burning Soul	Battle Spirits Burning Soul	0	2015	2016	22	Action	Adventure	Animation						
tt11942952	tvSeries	Money for Nothing	Money for Nothing	0	2015	\N	44	Documentary	Reality-TV							
tt11946350	tvSeries	La Voz de Mi Raza	La Voz de Mi Raza	0	2015	\N	\N	Music								
tt11948128	tvSeries	La Liste de Dante	La Liste de Dante	0	2015	2015	\N	Comedy	Fantasy							
tt11952214	tvSeries	Ploer Jai Hai Nai Pbeesard	Ploer Jai Hai Nai Pbeesard	0	2015	2016	50	Romance								
tt11955536	tvSeries	The Cosplay Closet	The Cosplay Closet	0	2015	2015	\N	Comedy								
tt11957952	tvSeries	These Are the Actors You're Looking For!	These Are the Actors You're Looking For!	0	2015	\N	\N	Comedy	Talk-Show							
tt11971662	tvSeries	Vida de Modelo	Vida de Modelo	0	2015	\N	\N	\N								
tt11977176	tvSeries	Looking Back: Una història vertadera	Looking Back: Una història vertadera	0	2015	2016	\N	Comedy								
tt11979852	tvSeries	Answers with Joe	Answers with Joe	0	2015	\N	\N	\N								
tt11984062	tvSeries	Sommerjobben	Sommerjobben	0	2015	2015	\N	Reality-TV								
tt11984306	tvSeries	Tinderdaten fra Helvete	Tinderdaten fra Helvete	0	2015	2015	\N	Reality-TV								
tt11984618	tvSeries	Winning Food	Winning Food	0	2015	2016	\N	Talk-Show								
tt11985416	tvSeries	Travel Geek: Documentary Myanmar Part 1	Travel Geek: Documentary Myanmar Part 1	0	2015	2015	\N	Documentary								
tt11985438	tvSeries	Travel Geek: Documentary Myanmar Part 2	Travel Geek: Documentary Myanmar Part 2	0	2015	2015	\N	Documentary								
tt11985456	tvSeries	Travel Geek: Documentary Myanmar Part 3	Travel Geek: Documentary Myanmar Part 3	0	2015	2015	\N	Documentary								
tt11985604	tvSeries	Katimini	Katimini	0	2015	\N	\N	Action	Thriller							
tt11990744	tvSeries	Salty Cracker	Salty Cracker	0	2015	\N	\N	News	Talk-Show							
tt12002782	tvSeries	WSL Big Wave Awards	WSL Big Wave Awards	0	2015	\N	\N	Sport								
tt12014100	tvSeries	WSL Big Wave Tour	WSL Big Wave Tour	0	2015	2019	\N	Sport								
tt12014454	tvSeries	WSL Men's Championship Tour	WSL Men's Championship Tour	0	2015	2015	\N	Sport								
tt12014498	tvSeries	WSL Presents	WSL Presents	0	2015	2015	\N	Sport								
tt12015330	tvSeries	Sasuke Ninja Warrior Indonesia	Sasuke Ninja Warrior Indonesia	0	2015	\N	\N	Reality-TV								
tt12020602	tvSeries	National Lampoon's Final Edition Radio Hour	National Lampoon's Final Edition Radio Hour	0	2015	\N	\N	Comedy								
tt12025970	tvSeries	Olhar	Olhar	0	2015	2015	\N	Documentary								
tt12037988	tvSeries	The Girl in Tassel Earring	The Girl in Tassel Earring	0	2015	2015	45	Romance								
tt12041772	tvSeries	Twinks in Shorts	Twinks in Shorts	1	2015	2019	\N	Adult								
tt12042388	tvSeries	Saat ti Tarar Timir	Saat ti Tarar Timir	0	2015	2016	\N	Drama								
tt12077428	tvSeries	Blind Wave: Daredevil Reaction	Blind Wave: Daredevil Reaction	0	2015	2019	25	Talk-Show								
tt12085646	tvSeries	Babybus	Babybus	0	2015	\N	\N	Animation	Family							
tt12088034	tvSeries	AfterBuzz TV	AfterBuzz TV	0	2015	\N	\N	Talk-Show								
tt12091954	tvSeries	600 Hours	600 Hours	0	2015	2015	\N	Comedy								
tt12098134	tvSeries	Justice: By Any Means	Justice: By Any Means	0	2015	2017	\N	Crime								
tt12098524	tvSeries	PokerStars: EPT 12 Barcelona	PokerStars: EPT 12 Barcelona	0	2015	2015	\N	Sport								
tt12099806	tvSeries	Ammo and Attitude	Ammo and Attitude	0	2015	2015	\N	Reality-TV								
tt12109040	tvSeries	Eigi VS Pichla gegen die Welt	Eigi VS Pichla gegen die Welt	0	2015	2015	\N	Game-Show								
tt12112020	tvSeries	dewlover420's Vloog	dewlover420's Vloog	0	2015	\N	5	Action	Comedy							
tt12112982	tvSeries	Porta Afora	Porta Afora	0	2015	\N	\N	Comedy	Documentary	Talk-Show						
tt12122432	tvSeries	The Bunker	The Bunker	0	2015	2015	\N	Sport								
tt12122590	tvSeries	Star Olymp	Star Olymp	0	2015	2015	45	Music								
tt12127264	tvSeries	Tiem banh hoang tu be 2	Tiem banh hoang tu be 2	0	2015	\N	12	Comedy								
tt12127876	tvSeries	Jes Tube	Jes Tube	0	2015	\N	\N	Comedy								
tt12142084	tvSeries	Popternative	Popternative	0	2015	\N	\N	Talk-Show								
tt12145238	tvSeries	State of the Union with Jake Tapper	State of the Union with Jake Tapper	0	2015	\N	60	News								
tt12158678	tvSeries	UPstarters	UPstarters	0	2015	2015	\N	Reality-TV								
tt12163542	tvSeries	Love Asterisk	Love Asterisk	0	2015	2017	\N	Comedy								
tt12174394	tvSeries	O país máis grande do mundo	O país máis grande do mundo	0	2015	2016	\N	Family								
tt12175086	tvSeries	CNN Newsroom with Brooke Baldwin	CNN Newsroom with Brooke Baldwin	0	2015	\N	60	News								
tt12175462	tvSeries	Super Challenge	Super Challenge	0	2015	2017	45	Drama								
tt12180230	tvSeries	The Embrace	The Embrace	0	2015	2015	15	Drama								
tt12181808	tvSeries	Garagem Maker	Garagem Maker	0	2015	2015	20	Family								
tt12183216	tvSeries	Awkward Puppets	Awkward Puppets	0	2015	\N	\N	Animation								
tt12188706	tvSeries	Kula Deivam	Kula Deivam	0	2015	2018	22	Drama								
tt12189162	tvSeries	Bhaage Re Mann	Bhaage Re Mann	0	2015	2016	\N	Comedy								
tt12194430	tvSeries	Life Is Beautiful	Life Is Beautiful	0	2015	2015	60	Drama								
tt12198830	tvSeries	Curious Under the Stars	Curious Under the Stars	0	2015	\N	45	Drama	Fantasy	Horror						
tt12206066	tvSeries	Soccer Heroes Series: Greatest Footballers of All Time	Soccer Heroes Series: Greatest Footballers of All Time	0	2015	2015	25	Documentary								
tt12209576	tvSeries	NoiSur	NoiSur	0	2015	2018	\N	Music								
tt12221388	tvSeries	Saherat Al Janoub	Saherat Al Janoub	0	2015	2016	\N	Drama	Horror	Thriller						
tt12222662	tvSeries	Aathira	Aathira	0	2015	2016	22	Drama								
tt12226046	tvSeries	Caillou and Dora: The Teenage Years	Caillou and Dora: The Teenage Years	0	2015	\N	15	Animation	Comedy	Crime						
tt12226778	tvSeries	Zara and Erika: 1st Generation	Zara and Erika: 1st Generation	0	2015	\N	\N	Animation	Comedy							
tt12228688	tvSeries	Sealed with a Kiss	Sealed with a Kiss	0	2015	2015	60	Drama	Romance							
tt12228772	tvSeries	The Journey: Our Homeland	The Journey: Our Homeland	0	2015	2015	60	Drama	History							
tt12228904	tvSeries	Second Chance	Second Chance	0	2015	2015	60	Drama								
tt12229564	tvSeries	Keladi Kanmani	Keladi Kanmani	0	2015	2017	22	Drama								
tt12234310	tvSeries	Priyamanaval	Priyamanaval	0	2015	2019	22	Drama								
tt12236254	tvSeries	UK TGirls	UK TGirls	1	2015	\N	\N	Adult								
tt12247446	tvSeries	Hazir Jawab Birbal	Hazir Jawab Birbal	0	2015	\N	20	Comedy								
tt12263524	tvSeries	Friend Dog Studios: The Sketches	Friend Dog Studios: The Sketches	0	2015	\N	5	Comedy								
tt12266718	tvSeries	Coffee with Milk	Coffee with Milk	0	2015	2017	24	Reality-TV								
tt12267094	tvSeries	Valeriya ASMR	Valeriya ASMR	0	2015	\N	\N	Reality-TV								
tt12268468	tvSeries	MeatCanyon	MeatCanyon	0	2015	\N	\N	Animation	Comedy	Horror						
tt12270214	tvSeries	Priyasaki	Priyasaki	0	2015	2016	22	Drama								
tt12273738	tvSeries	Tavern Talk	Tavern Talk	0	2015	2015	\N	\N								
tt12275178	tvSeries	Cinta Si Wedding Planner	Cinta Si Wedding Planner	0	2015	2016	\N	Drama	Family	Romance						
tt12280554	tvSeries	Brandon Awadis' Vlog	Brandon Awadis' Vlog	0	2015	\N	\N	Reality-TV								
tt12293762	tvSeries	Katha Sarita	Katha Sarita	0	2015	2016	\N	Drama								
tt12311902	tvSeries	Emershow	Emershow	0	2015	\N	30	Talk-Show								
tt12312188	tvSeries	Armoured Media	Armoured Media	0	2015	\N	\N	Talk-Show								
tt12312826	tvSeries	Droit de suite	Droit de suite	0	2015	\N	\N	Documentary								
tt12312838	tvSeries	Blissful Living	Blissful Living	0	2015	2015	60	Documentary	Drama							
tt12313152	tvSeries	Judaai	Judaai	0	2015	2015	\N	Drama								
tt12320532	tvSeries	Dhathuputhri	Dhathuputhri	0	2015	2015	22	Drama								
tt12323818	tvSeries	Back to the Drawing Board	Back to the Drawing Board	0	2015	2018	19	Comedy								
tt12325168	tvSeries	Zlomowisko PL	Zlomowisko PL	0	2015	\N	45	Documentary								
tt12329666	tvSeries	The Moblees: Get Moving!	The Moblees: Get Moving!	0	2015	2016	\N	Musical								
tt12329872	tvSeries	Livin' CA	Livin' CA	0	2015	2019	\N	Reality-TV								
tt12333114	tvSeries	#RealTALK with Brian Rose	#RealTALK with Brian Rose	0	2015	2015	\N	\N								
tt12344782	tvSeries	Open talk with Masha Efrosinina	Open talk with Masha Efrosinina	0	2015	2016	45	Reality-TV								
tt12348984	tvSeries	Storytimelines	Storytimelines	0	2015	\N	14	History								
tt12351368	tvSeries	Life - Fear Not	Life - Fear Not	0	2015	2016	30	Drama								
tt12355918	tvSeries	Doormen. The Award-Winning Webseries.	Doormen. The Award-Winning Webseries.	0	2015	\N	\N	Comedy								
tt12355940	tvSeries	Clone Skit	Clone Skit	0	2015	\N	\N	Adventure	Comedy	Drama						
tt12357460	tvSeries	A&E	A&E	0	2015	2015	60	Drama								
tt12358382	tvSeries	Crescendo	Crescendo	0	2015	2015	60	Drama	Music	Romance						
tt12362278	tvSeries	American Obsessions	American Obsessions	0	2015	\N	\N	Documentary								
tt12366628	tvSeries	Camping de l'ours	Camping de l'ours	0	2015	2016	\N	Comedy								
tt12368722	tvSeries	Inside Pac-12 Football	Inside Pac-12 Football	0	2015	\N	\N	Sport								
tt12369918	tvSeries	Tera Mera Rishta	Tera Mera Rishta	0	2015	2016	\N	Romance								
tt12375196	tvSeries	República do Peru	República do Peru	0	2015	2019	\N	Comedy								
tt12377954	tvSeries	Matatiele	Matatiele	0	2015	2015	\N	Drama								
tt12379414	tvSeries	Mystery Science Theater F1	Mystery Science Theater F1	0	2015	2017	\N	Comedy	Sport							
tt12380570	tvSeries	The Lynda Steele Show	The Lynda Steele Show	0	2015	\N	\N	Talk-Show								
tt12382996	tvSeries	The Lynda Steele Show	The Lynda Steele Show	0	2015	\N	\N	Talk-Show								
tt12389802	tvSeries	Actwres girl'Z (AgZ)	Actwres girl'Z (AgZ)	0	2015	\N	\N	Action	Drama	Sport						
tt12389906	tvSeries	Anos Radicais	Anos Radicais	0	2015	2018	\N	Drama								
tt12393088	tvSeries	Bloed	 zweet en aria's. De wereld van De Nationale Opera	Bloed	 zweet en aria's. De wereld van De Nationale Opera	0	2015	2015	40	Reality-TV						
tt12398092	tvSeries	Kalathu Veedu	Kalathu Veedu	0	2015	2016	22	Drama								
tt12399072	tvSeries	Yes Mister	Yes Mister	0	2015	2017	14	Comedy								
tt12403106	tvSeries	Faz Sentido	Faz Sentido	0	2015	2019	\N	Talk-Show								
tt12403134	tvSeries	Não Faz Sentido	Não Faz Sentido	0	2015	2016	\N	Talk-Show								
tt12403868	tvSeries	Helge Schneider erklärt Jazz	Helge Schneider erklärt Jazz	0	2015	2016	3	Music								
tt12404166	tvSeries	Let It Go	Let It Go	0	2015	2015	60	Drama	Romance							
tt12404172	tvSeries	Kairasi Kudumbam	Kairasi Kudumbam	0	2015	2017	22	Drama								
tt12404830	tvSeries	DW News	DW News	0	2015	\N	\N	News								
tt12418396	tvSeries	Apple Star	Apple Star	0	2015	2017	\N	Action	Drama	Sport						
tt12422504	tvSeries	Meninos Online	Meninos Online	1	2015	\N	\N	Adult								
tt12432216	tvSeries	AKE wrestling	AKE wrestling	0	2015	2020	\N	Action	Drama	Short						
tt12434166	tvSeries	Super Senior	Super Senior	0	2015	2015	60	Drama								
tt12434202	tvSeries	Kojagori	Kojagori	0	2015	2016	22	Drama								
tt12439366	tvSeries	Aprendiz Legal	Aprendiz Legal	0	2015	2015	\N	Documentary								
tt12440480	tvSeries	Good Luck	Good Luck	0	2015	2015	60	Drama								
tt12441084	tvSeries	D'un rire à l'autre	D'un rire à l'autre	0	2015	2022	\N	Comedy								
tt12443924	tvSeries	Danger Decoded	Danger Decoded	0	2015	2016	\N	Game-Show								
tt12457822	tvSeries	Medical Magic	Medical Magic	0	2015	2015	\N	Reality-TV								
tt12458248	tvSeries	The Amazing Lucas	The Amazing Lucas	0	2015	\N	\N	Talk-Show								
tt12464282	tvSeries	Vanarama National League Highlights Show	Vanarama National League Highlights Show	0	2015	\N	\N	Sport								
tt12466420	tvSeries	Contentor 13	Contentor 13	0	2015	\N	\N	Talk-Show								
tt12466742	tvSeries	Portals of Mystery	Portals of Mystery	0	2015	\N	\N	Adventure								
tt12467340	tvSeries	Video Killed the Radio Star - Michael Jackson	Video Killed the Radio Star - Michael Jackson	0	2015	2015	\N	Music								
tt12470260	tvSeries	Bte7la ElHayet	Bte7la ElHayet	0	2015	\N	90	Talk-Show								
tt12470722	tvSeries	Matty Tingles	Matty Tingles	0	2015	\N	\N	Reality-TV								
tt12475908	tvSeries	Desi Beat	Desi Beat	0	2015	\N	\N	Reality-TV								
tt12476444	tvSeries	Mind Games	Mind Games	0	2015	\N	\N	Drama								
tt12476592	tvSeries	Dudu está solteiro	Dudu está solteiro	0	2015	\N	\N	Comedy	Drama	Short						
tt12478340	tvSeries	Sarojini - Ek Nayi Pehal	Sarojini - Ek Nayi Pehal	0	2015	2016	24	Drama								
tt12478418	tvSeries	Tum Hi Ho Bandhu Sakha Tumhi	Tum Hi Ho Bandhu Sakha Tumhi	0	2015	2015	\N	Drama								
tt12479306	tvSeries	Zarf Aswad	Zarf Aswad	0	2015	2015	\N	Drama	Mystery	Thriller						
tt12484818	tvSeries	DanTDM's Custom Mod Adventure	DanTDM's Custom Mod Adventure	0	2015	2016	\N	\N								
tt12485776	tvSeries	Romantic Repertoire	Romantic Repertoire	0	2015	2015	\N	Comedy	Drama	Romance						
tt12490598	tvSeries	Daily Micronational	Daily Micronational	0	2015	2016	4	Comedy	News							
tt12490630	tvSeries	Firsthand	Firsthand	0	2015	\N	\N	Documentary								
tt12491026	tvSeries	Legends of Gaming Brasil	Legends of Gaming Brasil	0	2015	2017	\N	Comedy	Game-Show	Reality-TV						
tt12497904	tvSeries	The Paleo Way with Chef Pete Evans	The Paleo Way with Chef Pete Evans	0	2015	2016	\N	Talk-Show								
tt12505702	tvSeries	S.H.E	S.H.E	0	2015	2015	\N	Comedy	Drama	Family						
tt12513322	tvSeries	Wild South Africa	Wild South Africa	0	2015	2015	\N	Documentary								
tt12514848	tvSeries	Die besten Köche der Welt - Zu Gast im Ikarus	Die besten Köche der Welt - Zu Gast im Ikarus	0	2015	\N	\N	Documentary								
tt12522968	tvSeries	Good Taste: Chinese	Good Taste: Chinese	0	2015	2015	\N	Reality-TV								
tt12522986	tvSeries	Good Taste: South Asian	Good Taste: South Asian	0	2015	2015	\N	Reality-TV								
tt12530910	tvSeries	Meditation Vacation	Meditation Vacation	0	2015	\N	\N	Music								
tt12531522	tvSeries	Leaves' Eyes: The Road to King of Kings	Leaves' Eyes: The Road to King of Kings	0	2015	2016	30	Documentary	Music							
tt12531820	tvSeries	Aponjon	Aponjon	0	2015	2016	23	Drama								
tt12532502	tvSeries	Esho Maa Lakshmi	Esho Maa Lakshmi	0	2015	2016	24	Drama								
tt12534104	tvSeries	Reis do Drible	Reis do Drible	0	2015	\N	\N	Family	Sport							
tt12539180	tvSeries	Dr. Who FA	Dr. Who FA	0	2015	\N	\N	Action	Animation	Sci-Fi						
tt12540634	tvSeries	Bipolar Show	Bipolar Show	0	2015	2017	\N	Talk-Show								
tt12546418	tvSeries	Tumi Ele Taai	Tumi Ele Taai	0	2015	2016	22	Drama								
tt12546540	tvSeries	Meera	Meera	0	2015	2016	22	Drama								
tt12546834	tvSeries	Robi Thakurer Golpo	Robi Thakurer Golpo	0	2015	2016	45	Drama								
tt12548446	tvSeries	The New York Launch Pod	The New York Launch Pod	0	2015	\N	\N	Talk-Show								
tt12551412	tvSeries	Insieme TV	Insieme TV	0	2015	2017	25	News								
tt12552120	tvSeries	Let's Go Go Go	Let's Go Go Go	0	2015	2016	\N	Adventure	Comedy	Reality-TV						
tt12557088	tvSeries	Zhenskaya konsultatsiya	Zhenskaya konsultatsiya	0	2015	2015	\N	Drama	Romance							
tt12561020	tvSeries	Hal Manayer	Hal Manayer	0	2015	2015	30	Comedy								
tt12563212	tvSeries	Zapretnaya lyubov	Zapretnaya lyubov	0	2015	2015	\N	Drama	Romance							
tt12564110	tvSeries	Shit Flick Critic	Shit Flick Critic	0	2015	\N	\N	Comedy								
tt12571532	tvSeries	Great Air Battles of WWII	Great Air Battles of WWII	0	2015	2015	\N	Documentary								
tt12571880	tvSeries	Ancient Egypt Mystery Schools	Ancient Egypt Mystery Schools	0	2015	\N	\N	Mystery								
tt12582646	tvSeries	World Cruise Journeys	World Cruise Journeys	0	2015	2015	\N	Documentary								
tt12583794	tvSeries	Record Ranch	Record Ranch	0	2015	2016	\N	Comedy								
tt12587594	tvSeries	Bala Ganapathy	Bala Ganapathy	0	2015	\N	22	Drama								
tt12587794	tvSeries	Paatti Vaidhiyam	Paatti Vaidhiyam	0	2015	\N	8	Reality-TV								
tt12587924	tvSeries	Kaakka Kaakka Guruvarul Kaakka	Kaakka Kaakka Guruvarul Kaakka	0	2015	\N	16	Drama								
tt12593934	tvSeries	Anaya Tumhari Hui	Anaya Tumhari Hui	0	2015	2015	\N	Drama								
tt12599488	tvSeries	Studio Cinema	Studio Cinema	0	2015	2015	\N	Comedy	Fantasy	Horror						
tt12603324	tvSeries	Cameron and Chase	Cameron and Chase	0	2015	2016	\N	Reality-TV								
tt12605314	tvSeries	We Think We're Funny Show	We Think We're Funny Show	0	2015	2015	\N	Comedy								
tt12606694	tvSeries	Yok Olmadan Kesfet	Yok Olmadan Kesfet	0	2015	2021	\N	Documentary								
tt12606836	tvSeries	Atasözü	Atasözü	0	2015	2016	\N	Documentary								
tt12618452	tvSeries	Kumkuma Puvvu	Kumkuma Puvvu	0	2015	\N	22	Drama								
tt12618480	tvSeries	Kalyana Sougandhikam	Kalyana Sougandhikam	0	2015	\N	22	Drama								
tt12618706	tvSeries	Style Out There	Style Out There	0	2015	\N	\N	Documentary								
tt12637488	tvSeries	PMS - Pyar Magic Sshhh	PMS - Pyar Magic Sshhh	0	2015	2015	\N	Comedy								
tt12643942	tvSeries	Speaking Out	Speaking Out	0	2015	\N	\N	Sport								
tt12646052	tvSeries	Welcome to the Railworld	Welcome to the Railworld	0	2015	2015	\N	Adventure								
tt12648520	tvSeries	Undiscovered	Undiscovered	0	2015	2016	\N	Comedy								
tt12653734	tvSeries	TV3 News at 8	TV3 News at 8	0	2015	\N	\N	News								
tt12657300	tvSeries	Nirbhaya	Nirbhaya	0	2015	\N	22	Crime								
tt12657386	tvSeries	Shrimathi Bhagyalakshmi	Shrimathi Bhagyalakshmi	0	2015	\N	22	Romance								
tt12663112	tvSeries	The Great Chelsea Garden Challenge	The Great Chelsea Garden Challenge	0	2015	\N	60	Reality-TV								
tt12664806	tvSeries	Anthapura	Anthapura	0	2015	\N	22	Romance								
tt12664856	tvSeries	Preethi Endarenu	Preethi Endarenu	0	2015	\N	22	Romance								
tt12664970	tvSeries	Tu Jivala Guntvave	Tu Jivala Guntvave	0	2015	\N	22	Romance								
tt12665000	tvSeries	Priti Pari Tujvari	Priti Pari Tujvari	0	2015	\N	22	Drama								
tt12665054	tvSeries	Chaitra Chahul 2015	Chaitra Chahul 2015	0	2015	\N	22	Drama								
tt12665068	tvSeries	Mandal Bhari Aahe	Mandal Bhari Aahe	0	2015	\N	\N	Reality-TV								
tt12676346	tvSeries	Moon Ghost	Moon Ghost	0	2015	2016	3	Animation	Comedy	Horror						
tt12680866	tvSeries	10 Things to Know About	10 Things to Know About	0	2015	\N	\N	Documentary								
tt12683796	tvSeries	AK Show - Get Closer to the Truth	AK Show - Get Closer to the Truth	0	2015	2016	\N	Talk-Show								
tt12691200	tvSeries	Inye	Inye	0	2015	2015	48	Sci-Fi								
tt12696160	tvSeries	Egentligen Film	Egentligen Film	0	2015	\N	\N	Comedy	Talk-Show							
tt12717446	tvSeries	Incredible Engineering Blunders: Fixed	Incredible Engineering Blunders: Fixed	0	2015	2015	\N	Documentary								
tt12718962	tvSeries	Geek Muhabbeti: Yorumluyorum	Geek Muhabbeti: Yorumluyorum	0	2015	2020	\N	Comedy	Talk-Show							
tt12720566	tvSeries	Singapore Wild City	Singapore Wild City	0	2015	\N	30	Documentary								
tt12733128	tvSeries	NFL HQ	NFL HQ	0	2015	2016	\N	Sport								
tt12736570	tvSeries	NJPW World Pro-Wrestling	NJPW World Pro-Wrestling	0	2015	2015	\N	Action	Drama	Sport						
tt12743970	tvSeries	Hidrodinâmica	Hidrodinâmica	0	2015	2018	26	Documentary								
tt12766878	tvSeries	Venice Beach Originals	Venice Beach Originals	0	2015	\N	\N	Comedy								
tt12770250	tvSeries	Berlinale Nighttalk	Berlinale Nighttalk	0	2015	\N	\N	Talk-Show								
tt12781968	tvSeries	Mshar2at	Mshar2at	0	2015	2017	\N	Comedy								
tt12782386	tvSeries	Entracte	Entracte	0	2015	2019	28	Talk-Show								
tt12782518	tvSeries	AniMat Editorials	AniMat Editorials	0	2015	\N	30	Animation	Documentary							
tt12787106	tvSeries	Berlin Berlin	Berlin Berlin	0	2015	\N	45	Documentary	History							
tt12790118	tvSeries	Life Adjacent	Life Adjacent	0	2015	\N	\N	Documentary								
tt12790734	tvSeries	NetGirl	NetGirl	1	2015	\N	\N	Adult								
tt12790824	tvSeries	The Armstrong Williams Show	The Armstrong Williams Show	0	2015	\N	\N	News								
tt12798282	tvSeries	Girls Can Code	Girls Can Code	0	2015	2015	60	Reality-TV								
tt12808212	tvSeries	Shukrana	Shukrana	0	2015	\N	\N	Drama								
tt12809318	tvSeries	RookerVision	RookerVision	0	2015	\N	\N	Talk-Show								
tt12810674	tvSeries	Rehab Addict: Detroit	Rehab Addict: Detroit	0	2015	2015	\N	Reality-TV								
tt12811092	tvSeries	Akou Khaplang Kai	Akou Khaplang Kai	0	2015	\N	\N	Comedy								
tt12814766	tvSeries	Family Still Matters TV	Family Still Matters TV	0	2015	\N	30	Comedy								
tt12818350	tvSeries	Grensland	Grensland	0	2015	2015	45	Documentary								
tt12820930	tvSeries	Puma (Pau)	Puma (Pau)	0	2015	2015	\N	Short								
tt12825120	tvSeries	Troma's Buried Treasure	Troma's Buried Treasure	0	2015	2015	\N	Comedy								
tt12825866	tvSeries	Lone Wolf McCray	Lone Wolf McCray	0	2015	2016	\N	Comedy								
tt12826520	tvSeries	Mundo Autista	Mundo Autista	0	2015	2022	30	Biography								
tt12826864	tvSeries	Min'na no doyo u	Min'na no doyo u	0	2015	2015	\N	Animation								
tt12827232	tvSeries	Jo kudoki meshi	Jo kudoki meshi	0	2015	2016	\N	Drama								
tt12833978	tvSeries	Elin Oglu	Elin Oglu	0	2015	2015	60	Talk-Show								
tt12840694	tvSeries	My Fab 40th	My Fab 40th	0	2015	2015	\N	\N								
tt12844774	tvSeries	Chess	Chess	0	2015	2015	\N	Crime								
tt12844888	tvSeries	Chess 2	Chess 2	0	2015	2015	\N	Crime								
tt12844960	tvSeries	Ard El-Naam	Ard El-Naam	0	2015	2015	\N	Drama								
tt12845148	tvSeries	The Story of Miya	The Story of Miya	0	2015	\N	\N	Drama								
tt12845164	tvSeries	Mawlana El-aasheq	Mawlana El-aasheq	0	2015	2015	\N	Drama	Romance							
tt12847064	tvSeries	Halet Eshq	Halet Eshq	0	2015	2015	\N	Drama								
tt12849076	tvSeries	Ai no meguri ai	Ai no meguri ai	0	2015	2015	\N	Romance								
tt12849366	tvSeries	Sofia Ballon	Sofia Ballon	0	2015	2015	\N	Family								
tt12851414	tvSeries	Forced Landing	Forced Landing	0	2015	2015	\N	Reality-TV								
tt12851570	tvSeries	Qasas El Ayat fil Qur'an	Qasas El Ayat fil Qur'an	0	2015	2015	\N	Animation								
tt12855784	tvSeries	Agent Whore	Agent Whore	1	2015	2019	\N	Adult								
tt12856206	tvSeries	Camp Orange: Twisted Siblings	Camp Orange: Twisted Siblings	0	2015	2015	\N	Reality-TV								
tt12880200	tvSeries	Apoorva Raagangal	Apoorva Raagangal	0	2015	\N	\N	Romance								
tt12880778	tvSeries	Blind Wave: Agents of S.H.I.E.L.D. Reaction	Blind Wave: Agents of S.H.I.E.L.D. Reaction	0	2015	2020	45	Talk-Show								
tt12881020	tvSeries	Matika	Matika	0	2015	2015	\N	Family								
tt12881382	tvSeries	The Fishing	The Fishing	0	2015	2017	\N	Sport								
tt12881654	tvSeries	Rat-A-Tat	Rat-A-Tat	0	2015	2016	7	Action	Animation	Family						
tt12882132	tvSeries	Hitori No Shita - The Outcast	Yi Ren Zhi Xia	0	2015	2023	\N	Action	Adventure	Animation						
tt12882156	tvSeries	Hokuto no Ken: Ichigo Aji	Hokuto no Ken: Ichigo Aji	0	2015	2015	\N	Animation								
tt12892222	tvSeries	Epic How To	Epic How To	0	2015	2017	\N	Comedy								
tt12895996	tvSeries	The Aroha Project	The Aroha Project	0	2015	2017	\N	Reality-TV								
tt12899306	tvSeries	Whawhai	Whawhai	0	2015	2018	\N	Sport								
tt12914210	tvSeries	Purfectors	Purfectors	0	2015	\N	\N	\N								
tt12915924	tvSeries	Emi kissa tsutchi	Emi kissa tsutchi	0	2015	2016	\N	Comedy								
tt12915930	tvSeries	Gotoji ramen tanbo	Gotoji ramen tanbo	0	2015	2015	\N	\N								
tt12916456	tvSeries	Il contadino cerca moglie	Il contadino cerca moglie	0	2015	2019	\N	Reality-TV								
tt12922526	tvSeries	Nochmaaal!	Nochmaaal!	0	2015	2019	\N	Animation								
tt12937916	tvSeries	Sluggo's Strange Tales	Sluggo's Strange Tales	0	2015	\N	\N	Comedy	Horror	Mystery						
tt12942632	tvSeries	Razvod	Razvod	0	2015	2015	\N	Drama	Romance							
tt12953156	tvSeries	World's Weirdest Animal Faces	World's Weirdest Animal Faces	0	2015	\N	\N	Documentary								
tt12985144	tvSeries	Beyond Adventure: Rex Pemberton	Beyond Adventure: Rex Pemberton	0	2015	2015	\N	Sport								
tt12986372	tvSeries	Silence	 on joue!	Silence	 on joue!	0	2015	\N	\N	Game-Show						
tt12987640	tvSeries	La Pimpa	La Pimpa	0	2015	2015	\N	Adventure								
tt12988188	tvSeries	Doi Degeaba	Doi Degeaba	0	2015	\N	\N	Animation	Comedy							
tt12998444	tvSeries	Gay Massage Table	Gay Massage Table	1	2015	2017	\N	Adult								
tt13011102	tvSeries	True Mystery	True Mystery	0	2015	2020	45	Mystery								
tt13011590	tvSeries	Baby Class: First Words	 Numbers	 Shapes and More	Baby Class: First Words	 Numbers	 Shapes and More	0	2015	2019	\N	Animation				
tt13011662	tvSeries	Sweet Dreams: Lullabies Music and Art for Babies	Sweet Dreams: Lullabies Music and Art for Babies	0	2015	2019	\N	Animation								
tt13016434	tvSeries	Glam World with Dr. Afshan Hashmi	Glam World with Dr. Afshan Hashmi	0	2015	\N	\N	Talk-Show								
tt13023508	tvSeries	Lovely Muco	Lovely Muco	0	2015	2015	\N	Animation								
tt13023634	tvSeries	Otosan to issho ichijoman 7 supesharu	Otosan to issho ichijoman 7 supesharu	0	2015	2015	\N	Family								
tt13023956	tvSeries	The Translators	The Translators	0	2015	\N	\N	Comedy								
tt13041352	tvSeries	Coryxkenshin: Life Is Strange	Coryxkenshin: Life Is Strange	0	2015	\N	\N	\N								
tt13045516	tvSeries	MovieMac Review	MovieMac Review	0	2015	2022	2	Animation								
tt13045804	tvSeries	Haberin Olsun!	Haberin Olsun!	0	2015	2015	\N	Family	News							
tt13048646	tvSeries	The Shared Apartment	The Shared Apartment	0	2015	2015	45	Drama								
tt13050984	tvSeries	Get Yourself Optimized	Get Yourself Optimized	0	2015	\N	\N	\N								
tt13051230	tvSeries	Marketing Speak	Marketing Speak	0	2015	\N	\N	\N								
tt13052476	tvSeries	Taam	Taam	0	2015	2016	\N	Game-Show	Reality-TV							
tt13053026	tvSeries	107 facts You Should Know About Video Games!!!	107 facts You Should Know About Video Games!!!	0	2015	\N	\N	\N								
tt13057472	tvSeries	Chikyu jihen giga Mystery	Chikyu jihen giga Mystery	0	2015	2018	\N	Documentary								
tt13063060	tvSeries	2 für 300	2 für 300	0	2015	\N	30	Documentary								
tt13063136	tvSeries	B.E.A.R.D.S.	B.E.A.R.D.S.	0	2015	\N	\N	Comedy								
tt13070060	tvSeries	Miyakobito no hisokana tanoshimi	Miyakobito no hisokana tanoshimi	0	2015	2015	\N	Drama								
tt13076304	tvSeries	Perekryostki sudby	Perekryostki sudby	0	2015	2015	\N	Drama								
tt13080006	tvSeries	ABL	ABL	0	2015	\N	\N	News	Talk-Show							
tt13084454	tvSeries	Városi Legendák	Városi Legendák	0	2015	2016	\N	Animation								
tt13088286	tvSeries	The Bachelorette (Switzerland)	The Bachelorette (Switzerland)	0	2015	\N	\N	Reality-TV								
tt13091350	tvSeries	Trädgården på Strömsö	Trädgården på Strömsö	0	2015	2015	\N	\N								
tt13099334	tvSeries	Eizo no seiki	Eizo no seiki	0	2015	2020	\N	Documentary								
tt13121036	tvSeries	The 2night Show	The 2night Show	0	2015	\N	\N	Talk-Show								
tt13125002	tvSeries	Can He Does It?	Can He Does It?	0	2015	2015	\N	Comedy								
tt13125564	tvSeries	Count Drahoon's Feature of Fright	Count Drahoon's Feature of Fright	0	2015	\N	\N	Fantasy	Horror	Mystery						
tt13129714	tvSeries	Luz	 Câmera	 50 Anos	Luz	 Câmera	 50 Anos	0	2015	2015	120	Drama	Romance			
tt13130604	tvSeries	Tusvik & Tønne talkshow	Tusvik & Tønne talkshow	0	2015	2015	25	Talk-Show								
tt13130718	tvSeries	En kveld hos Kloppen	En kveld hos Kloppen	0	2015	\N	45	Talk-Show								
tt13130952	tvSeries	Det er lov å være blid med Else	Det er lov å være blid med Else	0	2015	2016	22	Talk-Show								
tt13133954	tvSeries	Music Masti with Raj Mahajan	Music Masti with Raj Mahajan	0	2015	2016	\N	Talk-Show								
tt13135904	tvSeries	The Captain Calamity Adventures	The Captain Calamity Adventures	0	2015	\N	10	\N								
tt13136082	tvSeries	RuFlections with Katya	RuFlections with Katya	0	2015	2015	2	\N								
tt13136106	tvSeries	Irregardlessly Trish	Irregardlessly Trish	0	2015	2017	\N	Comedy								
tt13138262	tvSeries	Caught on Dashcam	Caught on Dashcam	0	2015	2024	60	Documentary								
tt13149710	tvSeries	Minecraft FROZEN	Minecraft FROZEN	0	2015	2015	\N	Adventure	Animation	Mystery						
tt13155902	tvSeries	Stage Yowamushi Pedal Hakone Academy Chapter ~The Beast's Awakening~ the Beast on the Road	Butai yowamushi pedaru Hakone gakuen-hen ~ yaju kakusei	0	2015	2015	\N	Animation								
tt13155994	tvSeries	Slijk	Slijk	0	2015	2015	150	Documentary								
tt13161432	tvSeries	Doraemon	Doraemon	0	2015	2020	\N	Animation	Comedy							
tt13179456	tvSeries	Technology Connections	Technology Connections	0	2015	\N	\N	Documentary	Reality-TV	Talk-Show						
tt13185104	tvSeries	UFO Events - The Best of Third Phase	UFO Events - The Best of Third Phase	0	2015	\N	60	Documentary								
tt13194948	tvSeries	The Not So Shite Live Stream	The Not So Shite Live Stream	0	2015	\N	136	Talk-Show								
tt13198036	tvSeries	¡Vaya fauna!	¡Vaya fauna!	0	2015	2015	\N	Game-Show								
tt13201238	tvSeries	Silly Brother & Sister	Silly Brother & Sister	0	2015	2020	35	Comedy								
tt13206932	tvSeries	Izn-e-Rukhsat	Izn-e-Rukhsat	0	2015	\N	40	Romance								
tt13207290	tvSeries	Dil Fareb	Dil Fareb	0	2015	2015	\N	Drama								
tt13216428	tvSeries	Bow Street Meets	Bow Street Meets	0	2015	\N	\N	Talk-Show								
tt13220132	tvSeries	Live in the D	Live in the D	0	2015	\N	\N	News								
tt13222284	tvSeries	Dance with Peter	Dance with Peter	0	2015	2015	\N	Reality-TV								
tt13223634	tvSeries	Just for Laughs: Montreal (Australian Specials)	Just for Laughs: Montreal (Australian Specials)	0	2015	\N	42	Comedy								
tt13225616	tvSeries	Jíxiàn yongshì	Jíxiàn yongshì	0	2015	\N	\N	Action	Reality-TV							
tt13231394	tvSeries	Friends	Otomodachi	0	2015	2015	3	Animation	Comedy	Short						
tt13237392	tvSeries	Things Not to Say...	Things Not to Say...	0	2015	\N	6	Talk-Show								
tt13237412	tvSeries	24 Hour Rod Race	24 Hour Rod Race	0	2015	\N	\N	Sport								
tt13238208	tvSeries	Clip: Try Not to Laugh	Clip: Try Not to Laugh	0	2015	2018	\N	Comedy								
tt13242190	tvSeries	28 Geeks Later: Party Foul	28 Geeks Later: Party Foul	0	2015	2015	\N	Comedy								
tt13243790	tvSeries	Bari Bahu	Bari Bahu	0	2015	2015	\N	Drama								
tt13244110	tvSeries	The Force: Manchester	The Force: Manchester	0	2015	2015	\N	Documentary								
tt13247996	tvSeries	Film Talk	Film Talk	0	2015	\N	\N	\N								
tt13259564	tvSeries	Dovolená v protektorátu	Dovolená v protektorátu	0	2015	2015	\N	Reality-TV								
tt13261086	tvSeries	Kard Chuek	Kard Chuek	0	2015	2015	90	Action								
tt13261594	tvSeries	21 Day Transformation	21 Day Transformation	0	2015	2016	22	Documentary	Family	Short						
tt13264974	tvSeries	No Podrás Dormir Esta Noche: R.S.V.P.	No Podrás Dormir Esta Noche: R.S.V.P.	0	2015	2015	\N	Horror								
tt13269306	tvSeries	ISIS: Terror in Asia	ISIS: Terror in Asia	0	2015	2015	\N	Documentary								
tt13281668	tvSeries	ThatUmbrellaGuy	ThatUmbrellaGuy	0	2015	\N	\N	News	Talk-Show							
tt13285974	tvSeries	The Organic Chemistry Tutor	The Organic Chemistry Tutor	0	2015	\N	\N	\N								
tt13294432	tvSeries	Fosterland	Fosterland	0	2015	2016	58	Documentary								
tt13297544	tvSeries	The James & Terry Show	The James & Terry Show	0	2015	\N	10	Animation								
tt13320950	tvSeries	The Madison Show	The Madison Show	0	2015	2018	\N	Comedy								
tt13326540	tvSeries	1Million Dance Studio	1Million Dance Studio	0	2015	\N	\N	Music								
tt13331810	tvSeries	Indieville TV	Indieville TV	0	2015	\N	\N	Talk-Show								
tt13350350	tvSeries	SexLikeReal	SexLikeReal	1	2015	\N	\N	Adult								
tt13352870	tvSeries	Den magiske kroppen	Den magiske kroppen	0	2015	2015	\N	Family								
tt13352954	tvSeries	Vägens Hjältar	Vägens Hjältar	0	2015	\N	\N	Reality-TV								
tt13358774	tvSeries	Arquipélago	Arquipélago	0	2015	2018	\N	Short								
tt13373780	tvSeries	Atlántico Sur	Atlántico Sur	0	2015	2015	45	Documentary								
tt13380830	tvSeries	The King Film Series	The King Film Series	0	2015	\N	\N	Animation	Documentary	History						
tt13388920	tvSeries	Tem um Minuto?	Tem um Minuto?	0	2015	2015	\N	Game-Show								
tt13393092	tvSeries	Ek lakshya	Ek lakshya	0	2015	\N	\N	Drama								
tt13423256	tvSeries	Der Geiger - Boss of big Blocks	Der Geiger - Boss of big Blocks	0	2015	\N	45	Reality-TV								
tt13423550	tvSeries	AndroidVision	AndroidVision	0	2015	\N	\N	Comedy	Horror	Music						
tt13429900	tvSeries	DashieGames - Super Mario Maker	DashieGames - Super Mario Maker	0	2015	2021	\N	Comedy								
tt13438386	tvSeries	A Legacy	A Legacy	0	2015	\N	52	Biography	Documentary							
tt13451558	tvSeries	On Killing	On Killing	0	2015	2016	5	Documentary								
tt13463970	tvSeries	De Jopie Parlevliet Show	De Jopie Parlevliet Show	0	2015	2016	60	Comedy	Talk-Show							
tt13470674	tvSeries	Dit is K3!	Dit is K3!	0	2015	2015	\N	Documentary	Music	Reality-TV						
tt13471900	tvSeries	In a Nutshell TV Show (Comcast Cable TV Program) Allan Weisman/Pete Berwick	In a Nutshell TV Show (Comcast Cable TV Program) Allan Weisman/Pete Berwick	0	2015	\N	\N	Talk-Show								
tt13479652	tvSeries	Uncle Ted: British Comedy Icon	Uncle Ted: British Comedy Icon	0	2015	2018	\N	Comedy								
tt13496344	tvSeries	Korean Unnie (hangug unnie)	Korean Unnie (hangug unnie)	0	2015	\N	\N	\N								
tt13496840	tvSeries	Game Center DX	Gêmu sentâ DX	0	2015	\N	\N	Reality-TV								
tt13499330	tvSeries	Saba ile Oyuna Geldik	Saba ile Oyuna Geldik	0	2015	2016	\N	Comedy	Game-Show							
tt13499396	tvSeries	Bob the Builder	Bob the Builder	0	2015	2018	25	Animation	Comedy	Family						
tt13502906	tvSeries	Vlog This!	Vlog This!	0	2015	2015	24	Documentary								
tt13503732	tvSeries	Cooking with Munchies	Cooking with Munchies	0	2015	2017	\N	Reality-TV								
tt13503764	tvSeries	Down Twisted Tales	Down Twisted Tales	0	2015	2019	\N	Animation	Horror	Mystery						
tt13505590	tvSeries	Minecraft Survival	Minecraft Survival	0	2015	\N	\N	Animation								
tt13513122	tvSeries	Supernova	Supernova	0	2015	\N	\N	Game-Show	Music							
tt13524288	tvSeries	Bhai	Bhai	0	2015	2016	40	Drama								
tt13528172	tvSeries	Marching to Zion Exposed!	Marching to Zion Exposed!	0	2015	2015	108	Documentary								
tt13534932	tvSeries	Hot Wheels Labs	Hot Wheels Labs	0	2015	2016	\N	Family								
tt13540066	tvSeries	Le Show du Pro	Le Show du Pro	0	2015	\N	\N	Sport	Talk-Show							
tt13544646	tvSeries	Wild Explorers	Wild Explorers	0	2015	2017	3	Family								
tt13545994	tvSeries	Aanmiga Kadhaigal	Aanmiga Kadhaigal	0	2015	\N	35	Drama								
tt13553648	tvSeries	Mid Wicket Tales with Naseeruddin Shah	Mid Wicket Tales with Naseeruddin Shah	0	2015	2016	\N	Documentary	Sport							
tt13557266	tvSeries	Drawn Dreams	Drawn Dreams	0	2015	2020	1	Animation	Fantasy	Mystery						
tt13560120	tvSeries	MissaX	MissaX	1	2015	\N	\N	Adult								
tt13562152	tvSeries	Credited As	Credited As	0	2015	\N	\N	Documentary	Short							
tt13564256	tvSeries	Heels Off	Heels Off	0	2015	\N	\N	Talk-Show								
tt13567034	tvSeries	Trukach (Stuntman)	Trukach (Stuntman)	0	2015	2015	\N	Action								